lectura;lectura;lectura;lectura;lectura;lectura;lectura;lectura;lectura;lectura;lectura;lectura;lectura;lectura;lectura;lectura;lectura;lectura;lectura;lectura;lectura;lectura;lectura;lectura;lectura;lectura;lectura;lectura;lectura;lectura;lectura;lectura;lectura;lectura;lectura;lectura;lectura;lectura;lectura;lectura;lectura;lectura;lectura;lectura;lectura;lectura;lectura;lectura;lectura;lectura;lectura;lectura;lectura;lectura;lectura;lectura;lectura;lectura;lectura;lectura;lectura;lectura;lectura;lectura;lectura;lectura;lectura;lectura;lectura;lectura;lectura;lectura;lectura;lectura;lectura;lectura;lectura;lectura;lectura;lectura;lectura;lectura;lectura;lectura;lectura;lectura;lectura;lectura;lectura;lectura;lectura;lectura;lectura;lectura;lectura;lectura;lectura;lectura;lectura;lectura;lectura;lectura;lectura;lectura;lectura;lectura;lectura;lectura;lectura;lectura;lectura;lectura;lectura;lectura;lectura;lectura;lectura;lectura;lectura;lectura;lectura;lectura;lectura;lectura;lectura;lectura;lectura;lectura;lectura;lectura;lectura;lectura;lectura;lectura;lectura;lectura;lectura;lectura;lectura;lectura;lectura;lectura;lectura;lectura;lectura;lectura;lectura;lectura;lectura;lectura;lectura;lectura;lectura;lectura;lectura;lectura;lectura;lectura;lectura;lectura;lectura;lectura;lectura;lectura;lectura;lectura;lectura;lectura;lectura;lectura;lectura;lectura;lectura;lectura;lectura;lectura;lectura;lectura;lectura;lectura;lectura;lectura;lectura;lectura;lectura;lectura;lectura;lectura;lectura;lectura;lectura;lectura;lectura;lectura;lectura;lectura;lectura;lectura;lectura;lectura;lectura;lectura;lectura;lectura;lectura;lectura;lectura;lectura;lectura;lectura;lectura;lectura;lectura;lectura;lectura;lectura;lectura;lectura;lectura;lectura;lectura;lectura;lectura;lectura;lectura;lectura;lectura;lectura;lectura;lectura;lectura;lectura;lectura;lectura;lectura;lectura;lectura;lectura;lectura;lectura;lectura;lectura;lectura;lectura;lectura;lectura;lectura;lectura;lectura;lectura;lectura;lectura;lectura;lectura;lectura;lectura;lectura;lectura;lectura;lectura;lectura;lectura;lectura;lectura;lectura;lectura;lectura;lectura;lectura;lectura;lectura;lectura;lectura;lectura;lectura;lectura;lectura;lectura;lectura;lectura;lectura;lectura;lectura;lectura;lectura;lectura;lectura;lectura;lectura;lectura;lectura;lectura;lectura;lectura;lectura;lectura;lectura;lectura;lectura;lectura;lectura;lectura;lectura;lectura;lectura;lectura;lectura;lectura;lectura;lectura;lectura;lectura;lectura;lectura;lectura;lectura;lectura;lectura;lectura;lectura;lectura;lectura;lectura;lectura;lectura;lectura;lectura;lectura;lectura;lectura;lectura;lectura;lectura;lectura;lectura;lectura;lectura;lectura;lectura;lectura;lectura;lectura;lectura;lectura;lectura;lectura;lectura;lectura;lectura;lectura;lectura;lectura;lectura;lectura;lectura;lectura;lectura;lectura;lectura;lectura;lectura;lectura;lectura;lectura;lectura;lectura;lectura;lectura;lectura;lectura;lectura;lectura;lectura;lectura;lectura;lectura;lectura;lectura;lectura;lectura;lectura;lectura;lectura;lectura;lectura;lectura;lectura;lectura;lectura;lectura;lectura;lectura;lectura;lectura;lectura;lectura;lectura;lectura;lectura;lectura;lectura;lectura;lectura;lectura;lectura;lectura;lectura;lectura;lectura;lectura;lectura;lectura;lectura;lectura;lectura;lectura;lectura;lectura;lectura;lectura;lectura;lectura;lectura;lectura;lectura;lectura;lectura;lectura;lectura;lectura;lectura;lectura;lectura;lectura;lectura;lectura;lectura;lectura;lectura;lectura;lectura;lectura;lectura;lectura;lectura;lectura;lectura
350.62;352.41;354.2;355.97;357.75;359.52;361.28;363.04;364.8;366.55;368.29;370.04;371.78;373.51;375.24;376.97;378.69;380.41;382.13;383.84;385.55;387.26;388.96;390.66;392.36;394.05;395.74;397.43;399.12;400.8;402.48;404.16;405.83;407.51;409.18;410.85;412.51;414.18;415.84;417.5;419.16;420.81;422.47;424.12;425.77;427.42;429.06;430.71;432.35;434;435.64;437.28;438.91;440.55;442.19;443.82;445.45;447.09;448.72;450.35;451.98;453.6;455.23;456.85;458.48;460.1;461.73;463.35;464.97;466.59;468.21;469.83;471.45;473.06;474.68;476.3;477.91;479.53;481.14;482.76;484.37;485.98;487.6;489.21;490.82;492.43;494.04;495.65;497.26;498.87;500.48;502.09;503.7;505.31;506.92;508.53;510.13;511.74;513.35;514.96;516.56;518.17;519.78;521.38;522.99;524.6;526.2;527.81;529.41;531.02;532.62;534.23;535.83;537.44;539.04;540.65;542.25;543.86;545.46;547.06;548.67;550.27;551.87;553.48;555.08;556.69;558.29;559.89;561.49;563.1;564.7;566.3;567.9;569.51;571.11;572.71;574.31;575.92;577.52;579.12;580.72;582.32;583.92;585.52;587.12;588.72;590.32;591.92;593.52;595.12;596.72;598.32;599.92;601.52;603.12;604.72;606.32;607.91;609.51;611.11;612.71;614.3;615.9;617.5;619.09;620.69;622.28;623.88;625.47;627.07;628.66;630.26;631.85;633.44;635.04;636.63;638.22;639.81;641.4;643;644.59;646.18;647.77;649.36;650.94;652.53;654.12;655.71;657.3;658.88;660.47;662.05;663.64;665.22;666.81;668.39;669.98;671.56;673.14;674.72;676.3;677.89;679.47;681.05;682.62;684.2;685.78;687.36;688.94;690.51;692.09;693.66;695.24;696.81;698.39;699.96;701.53;703.1;704.67;706.24;707.81;709.38;710.95;712.52;714.09;715.65;717.22;718.78;720.35;721.91;723.48;725.04;726.6;728.16;729.72;731.28;732.84;734.4;735.96;737.52;739.08;740.63;742.19;743.74;745.3;746.85;748.4;749.96;751.51;753.06;754.61;756.16;757.71;759.26;760.8;762.35;763.9;765.44;766.99;768.53;770.08;771.62;773.16;774.7;776.25;777.79;779.33;780.87;782.4;783.94;785.48;787.02;788.55;790.09;791.62;793.16;794.69;796.23;797.76;799.29;800.82;802.35;803.88;805.41;806.94;808.47;810;811.53;813.05;814.58;816.11;817.63;819.16;820.68;822.21;823.73;825.25;826.78;828.3;829.82;831.34;832.86;834.38;835.9;837.42;838.94;840.46;841.97;843.49;845.01;846.53;848.04;849.56;851.07;852.59;854.1;855.62;857.13;858.65;860.16;861.67;863.18;864.7;866.21;867.72;869.23;870.74;872.25;873.76;875.27;876.78;878.29;879.8;881.31;882.82;884.33;885.84;887.35;888.85;890.36;891.87;893.37;894.88;896.39;897.89;899.4;900.91;902.41;903.92;905.42;906.93;908.43;909.94;911.44;912.95;914.45;915.95;917.46;918.96;920.46;921.97;923.47;924.97;926.48;927.98;929.48;930.98;932.48;933.99;935.49;936.99;938.49;939.99;941.49;942.99;944.49;945.99;947.49;948.99;950.49;951.99;953.49;954.99;956.48;957.98;959.48;960.98;962.47;963.97;965.47;966.96;968.46;969.95;971.45;972.94;974.44;975.93;977.43;978.92;980.41;981.9;983.39;984.89;986.38;987.87;989.36;990.84;992.33;993.82;995.31;996.79;998.28;999.76;1001.25;1002.73;1004.21;1005.69;1007.17;1008.65;1010.13;1011.61;1013.09;1014.56;1016.04;1017.51;1018.98;1020.45;1021.92;1023.39;1024.86;1026.33;1027.79;1029.26;1030.72;1032.18;1033.64;1035.1;1036.55;1038.01;1039.46;1040.91;1042.36;1043.81;1045.25;1046.69;1048.14;1049.57
5.94;5.28;5.14;4.83;4.74;4.13;4.17;3.92;3.56;3.36;3.13;3;2.98;2.7;2.69;2.66;2.53;2.34;2.43;2.43;2.23;2.1;2.1;2.01;2.13;2.05;1.95;1.89;1.78;1.68;1.73;1.67;1.66;1.72;1.69;1.71;1.72;1.73;1.72;1.76;1.8;1.78;1.82;1.79;1.81;1.83;1.82;1.86;1.85;1.84;1.84;1.83;1.83;1.86;1.85;1.85;1.84;1.86;1.85;1.84;1.86;1.85;1.86;1.86;1.85;1.86;1.87;1.87;1.86;1.87;1.87;1.86;1.88;1.86;1.87;1.87;1.87;1.87;1.86;1.87;1.87;1.87;1.89;1.89;1.9;1.91;1.91;1.93;1.96;1.96;2;2.02;2.05;2.08;2.13;2.17;2.23;2.31;2.4;2.5;2.62;2.76;2.92;3.08;3.25;3.44;3.61;3.79;3.95;4.11;4.23;4.35;4.45;4.52;4.61;4.66;4.72;4.76;4.81;4.85;4.91;4.95;4.99;5.01;5;4.97;4.92;4.86;4.78;4.7;4.6;4.48;4.38;4.24;4.11;3.99;3.87;3.78;3.68;3.59;3.52;3.46;3.39;3.34;3.3;3.26;3.22;3.19;3.16;3.14;3.13;3.11;3.1;3.09;3.05;3.03;3;2.96;2.93;2.89;2.85;2.81;2.78;2.73;2.7;2.69;2.65;2.64;2.64;2.62;2.62;2.61;2.6;2.6;2.58;2.55;2.53;2.51;2.48;2.44;2.4;2.37;2.34;2.33;2.3;2.28;2.27;2.26;2.24;2.23;2.21;2.18;2.17;2.15;2.15;2.15;2.15;2.15;2.16;2.16;2.18;2.19;2.22;2.26;2.29;2.34;2.38;2.48;2.56;2.66;2.8;3;3.26;3.59;4;4.49;5.11;5.77;6.5;7.28;8.03;8.84;9.73;10.67;11.64;12.63;13.57;14.69;16;17.42;18.67;20.05;21.42;22.81;24.22;25.69;27.19;28.59;29.88;31.18;32.42;33.62;34.74;35.83;36.82;37.75;38.57;39.32;39.98;40.6;41.14;41.62;42.05;42.15;42.27;42.6;42.89;43.29;43.72;43.97;44.16;44.3;44.37;44.46;44.52;44.61;44.71;44.8;44.81;44.89;44.97;45.02;45.01;45.11;45.07;45.12;45.18;45.15;45.22;45.28;45.23;45.25;45.28;45.31;45.35;45.45;45.37;45.35;45.33;45.18;45.17;45.19;45.23;45.34;45.39;45.31;45.49;45.45;45.42;45.41;45.42;45.39;45.47;45.47;45.51;45.61;45.62;45.62;45.68;45.7;45.66;45.81;45.81;45.74;45.73;45.78;45.79;45.75;45.89;45.87;45.94;45.99;45.98;45.97;46;46.01;46.07;46.08;46.02;46.04;46.07;46.03;46.11;46.07;46;46.15;46.11;46.04;46.02;46.07;45.95;45.85;45.8;45.56;45.42;45.41;45.21;45.1;45.51;45.33;45.37;45.11;44.84;45.2;44.87;44.6;44.84;44.88;44.64;44.91;44.82;44.59;44.79;44.63;44.04;43.87;43.53;42.67;41.63;41.47;40.83;41.19;41.44;40.81;41.55;40.02;40.19;40.53;40.19;39.42;39.96;40.01;39.03;39.64;40.08;38.77;40.37;39.88;39.33;40.1;40.32;40.63;40.87;40.82;40.56;40.47;40.44;40.48;41.19;40.69;40.52;40.82;41.11;41.01;41.43;41.29;41.16;41.52;41.61;41.29;41.61;41.47;41.33;41.68;41.6;41.23;41.7;41.72;41.49;41.59;41.88;41.77;41.71;41.86;40.87;42.09;41.67;40.91;41.96;41.83;41.29;41.73;41.67;40.99;41.8;40.21;40.22;41.01;40.83;39.71;41.67;40.95;40.22;41.03;39.7;40.28;40.52
6.25;5.93;5.75;5.35;5.23;4.95;4.6;4.3;4.25;3.82;3.62;3.36;3.34;2.89;2.98;3.2;2.72;2.75;2.76;2.7;2.54;2.38;2.31;2.26;2.28;2.36;2.21;2.14;1.99;1.93;1.93;1.88;1.9;1.86;1.91;1.89;1.88;1.93;1.92;1.95;1.96;1.97;1.98;1.96;1.97;1.97;1.99;2;2;1.98;2;2.01;2;2.01;2.01;2;2;2.01;2.02;2.01;2.02;2.02;2.01;2.02;2.02;2.02;2.02;2.03;2.03;2.04;2.04;2.05;2.05;2.05;2.05;2.05;2.04;2.05;2.05;2.05;2.05;2.07;2.08;2.08;2.08;2.09;2.11;2.12;2.14;2.16;2.2;2.24;2.26;2.3;2.34;2.4;2.47;2.55;2.64;2.75;2.88;3.03;3.19;3.36;3.55;3.73;3.92;4.1;4.29;4.43;4.57;4.69;4.8;4.88;4.95;5.02;5.06;5.11;5.16;5.21;5.27;5.3;5.33;5.35;5.34;5.32;5.27;5.21;5.12;5.03;4.92;4.81;4.69;4.55;4.43;4.3;4.19;4.09;4;3.9;3.82;3.76;3.69;3.65;3.6;3.56;3.53;3.48;3.45;3.43;3.41;3.39;3.37;3.36;3.33;3.3;3.28;3.24;3.21;3.17;3.13;3.09;3.05;3.01;2.99;2.95;2.94;2.92;2.91;2.91;2.9;2.89;2.87;2.86;2.85;2.82;2.79;2.77;2.72;2.69;2.66;2.62;2.6;2.56;2.54;2.51;2.52;2.5;2.5;2.47;2.44;2.43;2.42;2.41;2.4;2.4;2.41;2.41;2.43;2.44;2.46;2.47;2.51;2.55;2.58;2.62;2.68;2.78;2.87;2.99;3.16;3.37;3.69;4.05;4.52;5.08;5.75;6.5;7.29;8.13;9.01;9.95;10.93;11.97;13.08;14.19;15.29;16.63;18.18;19.76;21.11;22.76;24.39;26.04;27.7;29.47;31.23;32.86;34.46;36.08;37.63;39.14;40.56;41.92;43.2;44.39;45.48;46.44;47.36;48.18;48.89;49.52;50.03;50.49;51.55;52.07;52.29;52.26;52.13;52.13;52.39;52.64;52.92;53.17;53.34;53.43;53.6;53.7;53.77;53.88;53.97;54;54.09;54.19;54.17;54.27;54.22;54.26;54.35;54.34;54.39;54.42;54.46;54.44;54.45;54.48;54.5;54.57;54.62;54.76;54.84;54.8;54.7;54.61;54.39;54.55;54.53;54.45;54.5;54.54;54.53;54.5;54.58;54.48;54.58;54.53;54.59;54.63;54.67;54.84;54.8;54.84;54.88;55.02;55.1;55.18;55.09;54.98;55.02;54.99;55.05;55;55.12;55.27;55.26;55.2;55.31;55.15;55.22;55.26;55.31;55.29;55.33;55.38;55.35;55.26;55.33;55.31;55.3;55.28;55.17;55.31;55.31;55.15;55.38;55.18;55.22;55.16;54.84;54.6;54.49;54.36;54.34;54.63;54.28;54.44;54.32;54.14;53.75;54.05;53.74;53.75;53.82;53.6;53.39;53.64;53.45;53.37;53.19;52.45;51.01;51.7;50.52;49.37;49.58;48.2;47.84;48.71;48.05;47.59;48.43;47.8;46.79;47.36;47.28;46.81;47.58;47.11;47.52;47.13;47.44;46.99;47.62;47.66;47.44;47.93;47.8;47.63;48.14;48.31;48.36;48.61;47.94;48.37;48.38;48.37;48.63;48.97;48.76;48.51;49.58;49.24;49.04;49.5;49.53;49.04;50;49.17;49.46;50.28;49.31;49.52;49.19;50.07;49.46;49.79;49.35;49.85;50.08;49.02;49.66;50.27;48.52;49.12;48.8;49.05;48.26;49.31;48.24;49.01;49.35;48.66;48.33;49.11;47.49;47.39;48.53
5.41;5.69;5.47;5.42;5.03;5.13;4.5;4.18;3.76;3.56;3.36;3.08;3.12;3.01;2.92;2.87;2.65;2.67;2.64;2.51;2.41;2.32;2.37;2.21;2.26;2.2;2.15;2.18;2;1.91;1.91;1.9;1.91;1.87;1.89;1.91;1.92;1.94;1.98;2;2.03;2.03;2.04;2.07;2.05;2.07;2.09;2.08;2.09;2.08;2.09;2.11;2.09;2.09;2.12;2.11;2.13;2.12;2.12;2.14;2.15;2.16;2.14;2.15;2.16;2.16;2.16;2.16;2.16;2.16;2.16;2.16;2.17;2.16;2.16;2.16;2.16;2.16;2.17;2.18;2.19;2.18;2.18;2.18;2.21;2.21;2.23;2.25;2.27;2.31;2.33;2.37;2.42;2.45;2.51;2.58;2.66;2.76;2.87;2.99;3.13;3.27;3.46;3.63;3.81;3.99;4.16;4.33;4.51;4.65;4.77;4.88;4.98;5.05;5.11;5.16;5.21;5.27;5.32;5.35;5.41;5.45;5.47;5.49;5.49;5.48;5.42;5.37;5.29;5.21;5.1;4.98;4.88;4.75;4.62;4.52;4.4;4.3;4.21;4.13;4.06;3.99;3.93;3.89;3.84;3.79;3.75;3.73;3.7;3.68;3.65;3.64;3.62;3.59;3.58;3.55;3.51;3.48;3.44;3.4;3.35;3.31;3.27;3.24;3.2;3.18;3.15;3.14;3.13;3.12;3.12;3.11;3.1;3.09;3.05;3.04;3.01;2.96;2.92;2.88;2.84;2.8;2.75;2.72;2.69;2.66;2.67;2.64;2.63;2.59;2.55;2.53;2.52;2.48;2.46;2.46;2.44;2.46;2.46;2.48;2.51;2.53;2.55;2.58;2.61;2.65;2.72;2.83;2.94;3.09;3.28;3.56;3.89;4.29;4.76;5.32;5.96;6.66;7.4;8.17;8.9;9.67;10.53;11.41;12.31;13.26;14.13;15.17;16.41;17.76;18.96;20.27;21.59;22.9;24.27;25.72;27.16;28.57;29.93;31.25;32.54;33.8;34.94;36.06;37.13;38.1;39.05;39.87;40.65;41.35;41.98;42.54;43.02;43.51;44.06;44.06;44.25;44.39;44.64;44.88;45.18;45.43;45.59;45.83;45.93;46.03;46.13;46.24;46.31;46.35;46.43;46.49;46.52;46.59;46.62;46.64;46.67;46.7;46.71;46.74;46.8;46.81;46.83;46.89;46.89;46.97;46.97;46.97;47;47.03;47;46.95;46.75;46.83;46.86;47;46.79;46.82;46.98;46.95;47.01;46.96;47.02;47.06;47.07;47.09;47.19;47.26;47.27;47.31;47.34;47.41;47.48;47.54;47.46;47.61;47.55;47.49;47.56;47.59;47.69;47.67;47.7;47.75;47.79;47.79;47.74;47.84;47.87;47.79;47.8;47.79;47.76;47.83;47.84;47.78;47.78;47.7;47.7;47.75;47.62;47.75;47.65;47.63;47.56;47.37;47.14;47.18;46.92;46.99;46.82;47.03;46.69;46.83;46.71;46.58;46.42;46.42;46.41;46.18;46.37;46.21;46.41;46.14;46.11;45.83;45.83;45.54;45.02;44.44;43.75;42.51;43.2;42.09;42.32;42.05;40.97;41.27;41.11;41.57;40.73;40.71;40.42;40.54;40.4;40.41;40.5;39.76;40.17;40.94;40.61;40.5;40.64;41.17;40.63;40.49;41.5;41.01;40.95;41.06;41.25;41.44;41.47;41.51;41.47;41.64;42.16;41.28;42.03;41.85;41.9;42.29;41.96;42.58;42.48;42.43;42.44;42.68;42.33;42.79;42.56;42.4;42.34;42.54;42.64;42.56;43.23;42.38;41.98;43.39;42.35;41.58;42.51;42.52;42.73;41.53;41.45;42.43;41.83;42.12;41.58;41.44;41.62;41.81;40.29;41.3;41.07
6;6.39;5.79;4.91;5.07;4.71;4.76;3.87;4.09;3.53;3.39;3.03;3.13;2.96;2.76;2.67;2.66;2.59;2.53;2.56;2.21;2.2;2.21;2.01;2.12;2.17;2.04;1.98;1.84;1.71;1.7;1.72;1.72;1.67;1.74;1.71;1.74;1.78;1.76;1.78;1.82;1.82;1.79;1.8;1.77;1.85;1.82;1.82;1.83;1.8;1.82;1.8;1.82;1.82;1.81;1.82;1.83;1.84;1.83;1.82;1.83;1.83;1.83;1.84;1.83;1.83;1.84;1.83;1.84;1.83;1.83;1.83;1.85;1.85;1.84;1.85;1.85;1.85;1.83;1.84;1.86;1.86;1.86;1.86;1.87;1.88;1.89;1.91;1.93;1.96;1.99;2.03;2.07;2.11;2.17;2.22;2.3;2.38;2.48;2.6;2.74;2.9;3.06;3.24;3.42;3.62;3.81;4;4.18;4.32;4.47;4.6;4.7;4.79;4.86;4.94;4.98;5.04;5.09;5.13;5.19;5.24;5.27;5.28;5.28;5.25;5.2;5.13;5.06;4.96;4.85;4.74;4.62;4.48;4.34;4.21;4.1;3.99;3.9;3.81;3.73;3.65;3.6;3.53;3.48;3.46;3.41;3.37;3.33;3.31;3.29;3.27;3.24;3.23;3.2;3.17;3.13;3.1;3.05;3.02;2.98;2.92;2.89;2.87;2.82;2.8;2.78;2.75;2.75;2.74;2.73;2.71;2.71;2.7;2.68;2.65;2.61;2.59;2.54;2.49;2.44;2.4;2.36;2.33;2.31;2.29;2.27;2.27;2.25;2.22;2.2;2.18;2.15;2.14;2.13;2.13;2.12;2.13;2.12;2.13;2.14;2.15;2.18;2.21;2.26;2.31;2.37;2.48;2.58;2.72;2.92;3.19;3.52;3.95;4.44;5.05;5.74;6.52;7.34;8.23;9.09;10.02;11.02;12.06;13.15;14.24;15.33;16.54;17.99;19.55;20.95;22.49;24.01;25.53;27.08;28.72;30.33;31.87;33.33;34.72;36.08;37.4;38.6;39.73;40.84;41.8;42.74;43.58;44.32;45;45.66;46.16;46.59;47.07;47.34;47.5;47.89;48.07;48.3;48.63;48.8;49.01;49.18;49.3;49.39;49.52;49.55;49.64;49.74;49.79;49.82;49.94;49.94;50.02;50.08;50.07;50.17;50.2;50.18;50.24;50.29;50.31;50.37;50.37;50.35;50.43;50.42;50.41;50.4;50.4;50.36;50.25;50.3;50.31;50.37;50.36;50.31;50.45;50.48;50.4;50.4;50.51;50.43;50.48;50.53;50.51;50.52;50.59;50.61;50.68;50.73;50.68;50.78;50.84;50.76;50.85;50.85;50.85;50.99;51.07;50.92;51.02;51.11;51.03;51.09;51.08;51.07;51.1;51.15;51.06;51.12;51.04;51.1;50.96;51.13;50.95;50.97;50.96;51.05;51.06;51.09;50.9;50.92;50.88;50.68;50.54;50.61;50.41;50.33;50.58;50.21;50.28;50.04;50;50.08;50;49.55;49.78;50;49.76;49.79;49.78;49.3;49.52;49.22;48.75;48.46;47.67;47.12;46.84;45.96;45.68;46.16;45.64;44.52;44.34;43.73;44.02;44.48;44.28;43.19;43.91;43.97;41.76;43.28;42.63;42.79;42.91;42.93;43.19;43.15;43.47;43.39;44.05;44.15;43.63;44.01;43.53;43.72;43.94;44.02;44.07;44.45;44.25;44.31;44.53;44.52;44.36;44.56;44.93;44.84;45.21;45.03;45.02;45.12;45.05;44.69;45.29;45.3;45.24;45.68;45.34;44.6;46.05;44.9;44.92;45.1;45.31;45.23;45.69;44.69;45.42;46.01;45;44.53;44.85;45.38;45.12;46;44.95;43.91;44.89;43.96;43.53;45.25;44.23;42.25
6.31;5.93;6.1;5.6;5.1;5.22;4.76;4.24;4.08;4.06;3.59;3.22;3.19;3.15;3.11;3.04;2.91;2.92;2.83;2.72;2.7;2.6;2.44;2.39;2.44;2.44;2.32;2.3;2.11;2.05;2.03;2.02;2;2.03;2;2.03;2.07;2.05;2.06;2.08;2.1;2.1;2.13;2.13;2.14;2.14;2.16;2.17;2.15;2.15;2.18;2.15;2.19;2.18;2.19;2.18;2.18;2.19;2.18;2.2;2.2;2.21;2.21;2.21;2.22;2.22;2.22;2.23;2.24;2.23;2.24;2.25;2.24;2.23;2.25;2.24;2.24;2.25;2.24;2.25;2.27;2.27;2.27;2.28;2.29;2.3;2.33;2.35;2.35;2.39;2.41;2.44;2.48;2.52;2.58;2.62;2.7;2.79;2.89;2.99;3.13;3.28;3.44;3.62;3.81;4;4.19;4.39;4.55;4.72;4.86;4.99;5.09;5.19;5.27;5.33;5.39;5.44;5.5;5.56;5.61;5.65;5.7;5.71;5.71;5.69;5.65;5.59;5.52;5.44;5.34;5.24;5.12;4.99;4.86;4.73;4.62;4.52;4.41;4.32;4.26;4.18;4.12;4.08;4.04;3.99;3.95;3.92;3.88;3.86;3.84;3.83;3.81;3.79;3.77;3.74;3.71;3.68;3.64;3.6;3.56;3.52;3.47;3.44;3.42;3.38;3.36;3.35;3.34;3.32;3.33;3.31;3.31;3.3;3.27;3.24;3.23;3.18;3.14;3.11;3.07;3.03;3;2.96;2.94;2.92;2.91;2.9;2.88;2.85;2.83;2.81;2.8;2.79;2.79;2.78;2.78;2.78;2.78;2.81;2.83;2.86;2.89;2.93;2.96;3.02;3.09;3.2;3.28;3.41;3.58;3.84;4.16;4.55;5.02;5.62;6.28;7.05;7.87;8.71;9.58;10.48;11.45;12.46;13.53;14.62;15.7;16.93;18.28;19.74;21.1;22.57;24.07;25.51;26.97;28.47;29.96;31.41;32.82;34.19;35.49;36.76;37.93;39.08;40.13;41.04;42;42.83;43.58;44.28;44.86;45.43;45.93;46.63;48;47.77;47.75;47.36;47.11;47.2;47.45;47.79;48.08;48.34;48.51;48.72;48.82;48.95;48.98;49.08;49.16;49.24;49.35;49.43;49.42;49.52;49.43;49.48;49.48;49.48;49.54;49.54;49.62;49.58;49.61;49.67;49.65;49.71;49.83;50.03;50.17;49.91;49.84;49.54;49.51;49.8;49.39;49.39;49.62;49.6;49.62;49.62;49.63;49.63;49.56;49.65;49.65;49.75;49.79;49.89;49.91;49.98;50.09;50.21;50.15;50.18;50.25;50.15;50.08;50.13;50.09;50.21;50.18;50.42;50.34;50.26;50.28;50.26;50.33;50.34;50.37;50.37;50.38;50.39;50.38;50.27;50.39;50.33;50.31;50.37;50.26;50.4;50.6;50.67;50.5;50.68;50.47;50.13;49.79;49.38;49.64;49.84;49.64;49.6;49.73;49.63;49.41;49.36;49.05;48.88;48.71;48.61;48.96;48.61;48.96;49.42;49.45;49.46;49.5;48.72;47.81;46.78;46.19;45.54;44.69;44.17;43.97;43.87;43.29;43.48;43.58;42.91;42.9;43.04;42.72;42.84;42.35;43.05;42.48;42.75;42.65;42.83;42.94;42.75;43.35;43.71;43.57;43.12;43.81;43.85;43.82;43.72;43.64;43.92;43.82;44.23;44.31;44.01;44.63;44.46;44.66;44.59;44.65;44.92;45.27;45.41;45.34;45.44;45.46;44.89;45.73;45.45;45.19;45.38;45.18;45.43;45.06;45.55;45.31;45.71;44.9;45.2;44.57;44.48;45;45.19;44.75;45.02;43.81;44.4;44.79;44.59;44.38;42.92;44.17;43.83;42.9
5.91;5.95;5.34;5.22;5.14;4.68;4.49;4.01;4.02;3.74;3.47;3.21;3.22;2.85;3.08;2.85;2.62;2.64;2.69;2.63;2.42;2.32;2.27;2.22;2.25;2.32;2.1;2.08;1.93;1.86;1.85;1.87;1.84;1.84;1.84;1.88;1.86;1.89;1.93;1.98;1.99;1.99;2;2.01;2.03;2.02;2.02;2.06;2.05;2.05;2.05;2.03;2.05;2.07;2.07;2.08;2.08;2.09;2.09;2.12;2.11;2.13;2.13;2.14;2.12;2.13;2.14;2.12;2.14;2.13;2.14;2.14;2.15;2.14;2.15;2.15;2.17;2.17;2.18;2.17;2.18;2.18;2.19;2.2;2.2;2.22;2.24;2.27;2.3;2.34;2.38;2.43;2.48;2.54;2.62;2.71;2.81;2.93;3.07;3.21;3.39;3.58;3.77;3.99;4.22;4.43;4.67;4.9;5.08;5.27;5.44;5.57;5.69;5.81;5.89;5.97;6.03;6.09;6.16;6.22;6.28;6.32;6.37;6.39;6.37;6.37;6.31;6.23;6.14;6.05;5.92;5.8;5.65;5.5;5.37;5.2;5.07;4.95;4.84;4.74;4.65;4.57;4.49;4.44;4.39;4.34;4.29;4.23;4.2;4.17;4.14;4.14;4.11;4.08;4.05;4;3.97;3.92;3.87;3.82;3.76;3.72;3.67;3.61;3.58;3.53;3.5;3.48;3.47;3.46;3.45;3.44;3.43;3.41;3.39;3.35;3.32;3.28;3.22;3.16;3.11;3.06;3.01;2.96;2.91;2.89;2.86;2.85;2.83;2.77;2.73;2.7;2.67;2.64;2.62;2.6;2.6;2.58;2.6;2.61;2.62;2.64;2.68;2.73;2.79;2.85;2.95;3.11;3.26;3.44;3.68;4;4.4;4.87;5.42;6.11;6.85;7.67;8.5;9.42;10.31;11.23;12.23;13.24;14.29;15.37;16.48;17.65;18.94;20.28;21.59;23.02;24.43;25.76;27.2;28.62;29.99;31.35;32.73;33.98;35.26;36.46;37.52;38.58;39.56;40.4;41.3;42.08;42.73;43.39;43.92;44.39;44.77;45.41;46.52;46.25;46.31;46.1;46;46.03;46.27;46.58;46.76;46.93;47.11;47.25;47.32;47.43;47.45;47.53;47.57;47.66;47.69;47.74;47.77;47.78;47.77;47.79;47.8;47.77;47.83;47.81;47.85;47.83;47.79;47.91;47.93;47.89;48.09;48.15;48.18;48.09;47.93;47.77;47.82;48;47.64;47.78;47.85;47.92;47.89;47.83;47.89;47.86;47.89;47.89;48;47.96;48.07;48.11;48.15;48.19;48.32;48.42;48.32;48.52;48.42;48.24;48.28;48.35;48.33;48.39;48.37;48.5;48.5;48.42;48.37;48.42;48.39;48.38;48.45;48.47;48.48;48.47;48.44;48.45;48.43;48.45;48.39;48.4;48.39;48.44;48.51;48.5;48.36;48.62;48.25;48.18;47.75;47.67;47.6;47.78;47.71;47.6;47.65;47.4;47.33;47.26;46.97;46.85;47.15;46.8;46.95;47.11;46.95;46.99;47.36;47.13;46.85;45.38;45.63;44.47;43.88;43.51;42.72;42.87;42.34;42.4;42.63;42.18;42.35;42.37;41.4;41.72;41.8;41.81;41.54;42.05;41.65;41.27;41.99;41.58;41.88;42.13;42.13;42.72;42.14;42.3;42.11;42.85;42.23;42.7;42.81;42.77;42.94;43.16;42.75;42.77;43.61;42.79;43.01;43.6;43.4;43.22;43.92;43.41;43.87;44.14;43.38;43.99;43.79;43.58;43.91;44.08;43.82;44.04;44.29;43.79;43.33;43.69;43.68;43.04;44.06;42.93;43.83;43.53;42.28;43.22;43.54;43.5;41.46;43.03;42.32;42.65;42.99;41.36;42.11
7.47;7.93;7.38;6.02;6.87;5.84;5.58;5.7;4.79;4.52;4.58;3.93;3.79;4.11;3.58;3.51;3.58;3.16;3.3;3.21;3.01;2.85;2.87;2.65;2.67;2.86;2.68;2.58;2.41;2.3;2.31;2.36;2.33;2.32;2.36;2.36;2.38;2.44;2.41;2.47;2.5;2.49;2.49;2.52;2.53;2.53;2.56;2.53;2.54;2.52;2.5;2.51;2.54;2.53;2.54;2.55;2.54;2.55;2.57;2.55;2.56;2.59;2.59;2.56;2.59;2.55;2.55;2.56;2.55;2.57;2.57;2.57;2.57;2.58;2.58;2.58;2.59;2.58;2.58;2.57;2.57;2.58;2.6;2.6;2.61;2.64;2.64;2.68;2.72;2.76;2.82;2.89;2.96;3.03;3.13;3.23;3.35;3.49;3.61;3.82;4.02;4.26;4.52;4.77;5.02;5.28;5.58;5.85;6.08;6.31;6.5;6.7;6.83;6.96;7.08;7.18;7.26;7.36;7.42;7.49;7.57;7.61;7.64;7.64;7.64;7.59;7.54;7.45;7.32;7.18;7.04;6.85;6.69;6.51;6.32;6.14;5.96;5.8;5.67;5.55;5.42;5.32;5.23;5.13;5.05;5;4.93;4.88;4.83;4.79;4.76;4.73;4.68;4.66;4.61;4.56;4.5;4.44;4.37;4.32;4.25;4.17;4.13;4.07;4.01;3.97;3.93;3.9;3.89;3.88;3.87;3.86;3.85;3.81;3.79;3.75;3.67;3.61;3.54;3.45;3.38;3.31;3.24;3.2;3.16;3.11;3.08;3.06;3.03;3;2.95;2.9;2.86;2.82;2.8;2.78;2.78;2.76;2.78;2.78;2.78;2.79;2.84;2.88;2.95;3.03;3.13;3.31;3.49;3.72;4.04;4.44;4.95;5.56;6.26;7.09;8.05;9.08;10.17;11.27;12.32;13.44;14.68;15.9;17.16;18.45;19.64;21.04;22.73;24.5;26.07;27.79;29.51;31.19;32.89;34.72;36.5;38.22;39.82;41.34;42.89;44.37;45.7;47.08;48.27;49.4;50.45;51.31;52.19;52.96;53.63;54.25;54.71;55.21;55.84;55.83;56.2;56.43;56.73;57;57.16;57.41;57.55;57.74;57.83;57.98;58.08;58.15;58.23;58.24;58.32;58.41;58.47;58.45;58.48;58.54;58.57;58.62;58.6;58.6;58.68;58.67;58.72;58.73;58.74;58.8;58.75;58.72;58.82;58.75;58.66;58.69;58.77;58.68;58.66;58.74;58.59;58.63;58.79;58.57;58.72;58.64;58.7;58.73;58.66;58.72;58.76;58.81;58.88;58.91;59.02;58.91;59.05;59.06;59.01;59.16;59.09;59.17;59.18;59.2;59.16;59.26;59.2;59.36;59.35;59.25;59.31;59.38;59.41;59.39;59.32;59.32;59.31;59.32;59.26;59.17;59.25;59.23;59.18;59.23;59.05;59;59.22;58.83;58.78;58.76;58.52;58.31;58.42;58.33;58.22;58.24;57.82;57.82;57.88;57.73;57.57;57.59;57.34;57.47;57.54;57.41;57.48;57.12;56.83;56.94;55.81;55.77;55;53.87;53.84;52.89;53.37;52.99;51.55;51.69;51.76;50.46;51.34;51.18;50.45;51.02;50.74;50.29;49.74;50.07;49.62;50.13;49.77;50.4;50.37;50.14;50.73;50.69;50.85;50.57;50.66;50.68;50.64;51.14;50.4;51.24;51.23;51.18;51.45;52.02;51.55;51.48;52;52.19;51.97;52.33;51.54;52.05;52.27;51.82;52.04;51.84;51.91;52.39;52.72;51.69;52.55;52.36;52.19;52.51;52.67;52.1;52.51;52.96;52.39;52.47;52.36;53.02;51.61;52.6;51.34;52.09;51.81;50.88;51.03;51.49;50.14;51.62;50.92;50.63;52.2
5.41;5.53;4.62;5;4.49;3.99;4.07;3.85;3.29;3.26;2.86;2.78;2.78;2.65;2.64;2.6;2.55;2.47;2.35;2.3;2.15;2.03;2.07;2.08;2;2.06;1.88;1.87;1.78;1.74;1.67;1.75;1.71;1.69;1.74;1.7;1.74;1.75;1.76;1.8;1.82;1.81;1.82;1.83;1.85;1.87;1.9;1.88;1.86;1.91;1.9;1.91;1.95;1.92;1.94;1.95;1.96;1.96;1.96;1.96;1.97;1.99;2;1.99;2.02;1.99;2;2.02;2.02;2.02;2.04;2.02;2.03;2.04;2.03;2.05;2.04;2.04;2.05;2.06;2.06;2.08;2.09;2.08;2.09;2.12;2.13;2.16;2.18;2.2;2.24;2.27;2.31;2.37;2.41;2.46;2.52;2.62;2.69;2.77;2.89;3;3.14;3.28;3.41;3.56;3.72;3.84;3.98;4.11;4.22;4.33;4.41;4.49;4.56;4.63;4.68;4.74;4.8;4.83;4.87;4.92;4.93;4.94;4.96;4.95;4.93;4.91;4.87;4.83;4.76;4.69;4.63;4.54;4.45;4.38;4.31;4.23;4.17;4.13;4.08;4.04;4.01;3.98;3.95;3.92;3.87;3.86;3.87;3.84;3.84;3.83;3.81;3.81;3.79;3.78;3.76;3.74;3.71;3.68;3.66;3.63;3.61;3.59;3.56;3.56;3.54;3.53;3.53;3.53;3.52;3.53;3.53;3.53;3.52;3.51;3.48;3.46;3.42;3.39;3.35;3.33;3.29;3.27;3.26;3.25;3.26;3.24;3.19;3.21;3.21;3.22;3.18;3.17;3.15;3.14;3.13;3.14;3.16;3.18;3.18;3.19;3.2;3.22;3.25;3.3;3.35;3.41;3.49;3.61;3.8;4.01;4.26;4.59;4.99;5.44;5.94;6.45;7.05;7.66;8.25;8.88;9.58;10.3;11.06;11.85;12.65;13.51;14.49;15.49;16.58;17.7;18.79;19.9;21.05;22.2;23.35;24.51;25.66;26.76;27.85;28.89;29.85;30.77;31.63;32.42;33.19;33.86;34.51;35.07;35.58;36;36.43;37.12;38.51;38.11;38.06;37.59;37.36;37.38;37.66;38.02;38.29;38.53;38.72;38.86;38.93;39.05;39.08;39.15;39.22;39.32;39.37;39.41;39.42;39.45;39.46;39.44;39.47;39.49;39.53;39.52;39.59;39.52;39.53;39.6;39.63;39.67;39.85;39.95;40.03;39.89;39.69;39.42;39.54;39.62;39.33;39.38;39.54;39.56;39.61;39.59;39.6;39.6;39.59;39.67;39.67;39.79;39.83;39.98;39.96;40.07;40.22;40.17;40.21;40.44;40.24;40.14;40.14;40.19;40.25;40.2;40.18;40.48;40.41;40.32;40.34;40.33;40.32;40.37;40.4;40.33;40.41;40.52;40.38;40.35;40.47;40.39;40.34;40.33;40.37;40.5;40.58;40.66;40.79;40.76;40.47;40.22;39.71;39.66;39.91;39.96;39.83;39.55;39.98;39.59;39.66;39.51;39.14;38.92;39.17;38.92;39.18;38.92;39.49;39.56;40.11;40.03;40.09;39.62;38.65;37.57;36.36;36.15;35.79;35.7;35.08;35.73;35.81;34.91;35.52;35.25;34.16;34.2;34.33;34.25;33.97;34.33;34.24;34.86;34.25;34.27;34.63;34.68;34.8;35.18;35.3;34.84;35.38;35.28;35.09;35.35;35.25;35.43;35.46;35.9;35.63;35.59;36.02;35.7;36.16;36.03;36.06;36.38;36.56;36.66;36.41;36.6;36.41;36.49;36.73;36.24;36.83;36.74;36.28;36.36;36.98;35.97;37.13;36.58;36.88;36.9;35.83;36.56;36.68;36.75;35.94;37.09;37.01;36.17;35.36;36.81;34.81;37.73;35.15;35;34.9
7.37;6.52;6.65;6.23;5.77;5.51;5.36;4.65;4.63;4.45;3.94;3.94;3.81;3.65;3.62;3.39;3.35;3.21;3.31;3.15;3.16;2.87;2.81;2.75;2.81;2.72;2.68;2.59;2.41;2.4;2.41;2.29;2.37;2.31;2.29;2.34;2.36;2.35;2.41;2.45;2.39;2.45;2.43;2.46;2.48;2.51;2.5;2.54;2.55;2.49;2.53;2.52;2.53;2.55;2.52;2.54;2.55;2.56;2.54;2.56;2.58;2.56;2.58;2.58;2.56;2.58;2.57;2.57;2.58;2.59;2.57;2.59;2.59;2.57;2.59;2.58;2.58;2.59;2.58;2.58;2.6;2.59;2.6;2.62;2.61;2.62;2.65;2.66;2.67;2.71;2.74;2.78;2.82;2.85;2.9;2.98;3.05;3.13;3.24;3.35;3.49;3.66;3.83;4.01;4.2;4.39;4.59;4.79;4.97;5.12;5.27;5.39;5.5;5.61;5.69;5.75;5.81;5.86;5.91;5.97;6.01;6.06;6.12;6.12;6.11;6.07;6.02;5.95;5.88;5.78;5.68;5.56;5.43;5.29;5.16;5.03;4.9;4.81;4.69;4.6;4.53;4.45;4.38;4.34;4.29;4.23;4.18;4.17;4.14;4.11;4.08;4.07;4.04;4.03;4;3.97;3.93;3.89;3.85;3.81;3.77;3.73;3.69;3.64;3.62;3.59;3.57;3.55;3.53;3.53;3.52;3.51;3.49;3.49;3.47;3.44;3.4;3.37;3.32;3.26;3.24;3.19;3.15;3.12;3.1;3.09;3.07;3.06;3.03;3.01;3;2.97;2.95;2.93;2.92;2.9;2.9;2.92;2.91;2.93;2.94;2.93;2.98;3;3.06;3.1;3.19;3.28;3.39;3.55;3.77;4.02;4.38;4.81;5.33;5.97;6.68;7.52;8.39;9.29;10.17;11.13;12.15;13.21;14.36;15.47;16.53;17.73;19.24;20.98;22.53;24.06;25.66;27.21;28.85;30.55;32.26;33.94;35.47;36.91;38.31;39.69;40.96;42.21;43.31;44.33;45.3;46.18;46.93;47.66;48.3;48.83;49.28;49.62;49.7;49.65;50.34;50.81;51.36;51.8;51.95;52.04;52.11;52.14;52.23;52.31;52.4;52.45;52.53;52.6;52.66;52.7;52.76;52.76;52.74;52.85;52.85;52.92;52.91;53;53.02;52.98;53.06;53.13;53.14;53.13;53.2;53.07;53.12;52.98;52.97;52.92;52.98;53.03;53.15;53.06;53.11;53.28;53.21;53.13;53.13;53.29;53.24;53.28;53.3;53.34;53.47;53.43;53.44;53.44;53.49;53.54;53.5;53.52;53.46;53.62;53.45;53.58;53.66;53.74;53.78;53.8;53.81;53.82;53.7;53.8;53.84;53.82;53.87;53.91;53.85;53.87;53.81;53.87;53.84;53.86;53.85;53.86;53.74;53.65;53.79;53.65;53.6;53.4;53.23;53.16;52.93;52.85;53.14;53.2;53.19;53.04;52.89;52.72;52.87;52.37;52.58;52.3;52.66;52.67;52.48;52.4;52.48;52.33;52.1;51.34;50.69;49.82;49.05;48.48;47.05;47.76;48.35;48.83;48.29;47.83;47.46;47.16;46.41;46.88;46.45;47.14;46.91;46.92;46.4;46.32;46.16;46.49;46.55;46.54;46.62;47.09;47.42;47.45;47.51;47.01;47.44;47.05;46.93;47.35;47.52;47.48;47.73;47.84;47.81;47.87;48.1;48;48.05;48.12;48.16;48.28;48.32;48.04;48.25;48.43;47.96;48.51;48.57;48.36;47.94;48.31;48.6;48.47;48.11;47.72;48.36;48.14;47.75;48.64;48.34;48.52;47.45;48.32;47.56;47.75;48.32;47.67;47.34;47.63;47.02;46.64;46.04;47.6;47.05;44.31;46.1
7.11;6.72;6.73;5.87;5.71;5.41;5.03;4.66;4.58;3.9;3.77;3.73;3.23;3.6;3.38;3.05;3.09;3.11;2.75;2.9;2.67;2.42;2.45;2.47;2.42;2.47;2.38;2.13;2.07;2.01;1.88;1.94;1.93;1.89;1.91;1.95;1.93;1.95;2.05;1.97;2;2.03;2.02;2.06;2.05;2.06;2.08;2.11;2.08;2.07;2.1;2.07;2.11;2.12;2.08;2.12;2.11;2.11;2.12;2.13;2.12;2.13;2.15;2.13;2.14;2.14;2.12;2.13;2.15;2.13;2.15;2.16;2.16;2.17;2.17;2.16;2.17;2.18;2.16;2.17;2.15;2.16;2.21;2.2;2.2;2.23;2.24;2.25;2.28;2.33;2.36;2.42;2.47;2.51;2.58;2.66;2.72;2.83;2.93;3.05;3.22;3.4;3.57;3.77;3.96;4.15;4.37;4.59;4.76;4.94;5.08;5.21;5.34;5.43;5.5;5.59;5.66;5.72;5.79;5.85;5.89;5.92;5.95;5.95;5.94;5.91;5.85;5.8;5.71;5.61;5.52;5.38;5.25;5.13;4.98;4.84;4.72;4.6;4.49;4.41;4.33;4.24;4.18;4.11;4.05;4.01;3.98;3.94;3.91;3.88;3.85;3.84;3.8;3.78;3.77;3.72;3.68;3.65;3.6;3.55;3.52;3.47;3.41;3.4;3.35;3.33;3.31;3.28;3.27;3.26;3.25;3.25;3.25;3.22;3.2;3.18;3.13;3.07;3.04;2.97;2.92;2.87;2.84;2.8;2.77;2.75;2.73;2.73;2.71;2.68;2.66;2.62;2.6;2.58;2.56;2.55;2.55;2.54;2.54;2.56;2.56;2.57;2.61;2.63;2.68;2.76;2.83;2.96;3.11;3.26;3.49;3.8;4.18;4.61;5.18;5.82;6.57;7.41;8.3;9.22;10.14;11.13;12.19;13.31;14.47;15.64;16.78;18.15;19.8;21.52;23.03;24.76;26.47;28.11;29.9;31.78;33.66;35.4;37.12;38.74;40.32;41.89;43.34;44.77;46.09;47.28;48.42;49.43;50.32;51.18;51.97;52.57;53.09;53.49;53.73;54.08;54.5;55.03;55.55;55.88;56.09;56.29;56.4;56.48;56.6;56.72;56.85;56.92;57.02;57.1;57.11;57.19;57.24;57.26;57.38;57.36;57.44;57.53;57.52;57.57;57.64;57.67;57.76;57.81;57.77;57.91;57.9;57.93;57.81;57.86;57.7;57.81;57.83;57.82;57.97;57.88;58.01;57.94;57.99;57.96;57.9;57.88;57.92;57.91;58;57.98;58.04;58;58.09;58.13;58.21;58.1;58.19;58.17;58.21;58.22;58.17;58.23;58.27;58.33;58.33;58.38;58.41;58.3;58.4;58.47;58.47;58.47;58.51;58.4;58.42;58.52;58.48;58.53;58.46;58.52;58.55;58.49;58.39;58.37;58.4;58.25;58.19;58.06;57.89;57.87;57.72;57.64;58;57.88;57.66;57.57;57.47;57.22;57.31;57.26;57.16;56.8;57.02;57.03;56.93;57.07;56.64;56.91;56.27;55.63;55.22;54.27;53.07;52.68;52.15;52.07;52.91;52.29;50.85;50.46;50.16;49.77;50.37;50.22;50;50.51;49.12;48.41;50.34;48.72;48.84;49.19;49.3;48.91;49.79;50.05;49.61;49.88;50.39;49.74;49.73;50;50.04;49.75;50.08;50.2;50.48;50.2;50.51;50.87;50.8;50.56;50.49;50.7;51.14;50.9;51.16;50.78;51.41;50.84;51.18;51.32;51.21;51.13;51.9;51.21;51.34;51.45;51.87;51.07;51.71;51.09;51.64;51.26;51.68;51.09;51.7;50.99;50.61;51.39;51.13;50.82;51.09;48.9;49.48;50.95;49.72;48.84;51.72;50.48;48.4
6.56;6.28;6.15;5.97;5.75;5.21;4.81;4.59;4.24;4.09;3.79;3.43;3.51;3.19;3.24;3.15;3;3.05;2.96;2.84;2.81;2.71;2.55;2.45;2.48;2.5;2.32;2.33;2.14;2.08;2.05;2.06;2;2.05;2.06;2.04;2.07;2.08;2.09;2.12;2.18;2.17;2.18;2.2;2.21;2.24;2.25;2.28;2.27;2.29;2.27;2.3;2.29;2.31;2.32;2.33;2.35;2.35;2.34;2.37;2.38;2.39;2.39;2.39;2.39;2.4;2.41;2.41;2.42;2.42;2.43;2.44;2.45;2.44;2.46;2.45;2.46;2.46;2.47;2.47;2.47;2.49;2.5;2.51;2.53;2.54;2.58;2.6;2.63;2.67;2.72;2.77;2.82;2.88;2.94;3.01;3.11;3.22;3.34;3.46;3.62;3.8;3.98;4.17;4.36;4.58;4.78;4.99;5.18;5.35;5.5;5.64;5.76;5.86;5.96;6.03;6.13;6.2;6.27;6.33;6.4;6.44;6.49;6.5;6.51;6.5;6.47;6.42;6.36;6.28;6.19;6.09;5.97;5.85;5.74;5.61;5.51;5.4;5.31;5.24;5.15;5.08;5.02;4.96;4.91;4.87;4.85;4.82;4.79;4.77;4.76;4.73;4.72;4.7;4.68;4.66;4.62;4.58;4.55;4.51;4.46;4.42;4.38;4.35;4.32;4.29;4.26;4.25;4.24;4.23;4.23;4.23;4.22;4.21;4.2;4.16;4.13;4.09;4.05;3.99;3.94;3.89;3.86;3.82;3.8;3.77;3.73;3.73;3.73;3.73;3.7;3.67;3.64;3.62;3.6;3.58;3.59;3.58;3.57;3.56;3.58;3.6;3.62;3.66;3.69;3.76;3.83;3.95;4.11;4.29;4.53;4.83;5.22;5.66;6.17;6.77;7.47;8.25;9.04;9.86;10.68;11.54;12.46;13.42;14.42;15.43;16.4;17.53;18.79;20.14;21.39;22.73;24.07;25.43;26.78;28.15;29.5;30.83;32.12;33.38;34.61;35.76;36.86;37.86;38.83;39.72;40.56;41.31;42.05;42.64;43.21;43.71;44.1;45;46.27;46;45.9;45.49;45.21;45.24;45.56;45.89;46.19;46.49;46.66;46.82;46.92;47;47.08;47.16;47.27;47.32;47.39;47.48;47.51;47.55;47.51;47.59;47.53;47.58;47.66;47.68;47.67;47.66;47.7;47.71;47.82;47.85;48.03;48.13;48.22;48.04;47.92;47.58;47.71;47.73;47.52;47.49;47.69;47.72;47.71;47.67;47.73;47.68;47.69;47.62;47.8;47.79;47.83;47.95;47.96;48.12;48.17;48.31;48.28;48.51;48.28;48.26;48.21;48.28;48.25;48.29;48.34;48.59;48.4;48.33;48.37;48.31;48.35;48.37;48.41;48.38;48.46;48.4;48.36;48.47;48.39;48.39;48.42;48.33;48.33;48.47;48.54;48.69;48.7;48.67;48.62;48.19;47.74;47.67;47.78;47.67;47.58;47.54;47.71;47.42;47.59;47.25;46.9;46.8;46.88;46.85;46.77;46.86;46.9;47.24;47.13;47.4;47.75;46.7;45.71;44.11;43.74;43.9;42.61;42.18;42.39;42;41.94;42.31;41.9;41.67;40.64;41.37;41.29;40.24;40.71;40.5;40.53;40.39;40.48;40.36;40.73;40.59;41.04;40.87;41.22;41.03;41.28;41.36;41.37;41.49;41.16;41.59;41.52;41.89;41.85;42.23;41.95;42.29;42.53;42.37;42.21;42.57;42.58;42.51;42.64;42.6;42.6;41.91;43.38;42.76;43.3;43.25;42.96;42.99;43.22;42.21;43.16;42.64;42.1;43.13;42.99;42.91;43.18;43.04;42.41;42.4;42.89;42.29;42.1;42.86;41.76;42.26;42.44;42.3;41.83
5.3;5.52;5.08;4.98;4.5;4.49;4.17;3.7;3.27;3.24;2.9;2.65;2.81;2.7;2.46;2.37;2.4;2.3;2.31;2.25;2.06;1.96;1.94;1.79;1.83;1.9;1.72;1.64;1.55;1.5;1.46;1.47;1.49;1.44;1.48;1.47;1.49;1.52;1.53;1.55;1.61;1.56;1.6;1.6;1.6;1.62;1.63;1.65;1.66;1.66;1.65;1.65;1.67;1.65;1.67;1.68;1.67;1.67;1.68;1.67;1.67;1.69;1.68;1.68;1.69;1.68;1.68;1.68;1.67;1.69;1.7;1.69;1.68;1.71;1.69;1.69;1.71;1.68;1.69;1.69;1.68;1.69;1.72;1.71;1.71;1.73;1.75;1.76;1.79;1.79;1.84;1.89;1.91;1.97;2.03;2.07;2.16;2.24;2.33;2.45;2.58;2.75;2.93;3.1;3.27;3.47;3.64;3.83;4;4.14;4.26;4.38;4.48;4.54;4.61;4.68;4.72;4.78;4.83;4.86;4.92;4.96;4.99;5;5;4.95;4.92;4.87;4.8;4.72;4.61;4.49;4.38;4.25;4.14;4.01;3.91;3.8;3.72;3.64;3.55;3.5;3.43;3.37;3.32;3.28;3.25;3.23;3.2;3.18;3.16;3.15;3.13;3.12;3.1;3.06;3.03;2.99;2.95;2.91;2.87;2.83;2.79;2.76;2.73;2.7;2.67;2.66;2.64;2.64;2.63;2.62;2.62;2.6;2.58;2.56;2.52;2.49;2.44;2.4;2.35;2.31;2.27;2.24;2.22;2.2;2.18;2.16;2.17;2.14;2.12;2.08;2.07;2.06;2.03;2.04;2.03;2.04;2.06;2.07;2.06;2.09;2.11;2.13;2.18;2.24;2.3;2.43;2.56;2.71;2.92;3.18;3.53;3.94;4.39;4.94;5.6;6.31;7.04;7.8;8.55;9.35;10.24;11.15;12.07;12.99;13.81;14.91;16.3;17.78;18.97;20.34;21.76;23.11;24.54;26.05;27.63;29.04;30.36;31.71;33.01;34.26;35.44;36.58;37.65;38.61;39.54;40.32;41.04;41.73;42.29;42.88;43.24;43.23;43.5;44.06;44.44;44.93;45.26;45.44;45.59;45.7;45.81;45.93;46.01;46.1;46.17;46.29;46.31;46.38;46.46;46.43;46.48;46.53;46.57;46.64;46.72;46.68;46.75;46.76;46.76;46.78;46.84;46.9;46.92;46.96;46.94;46.95;46.89;46.85;46.78;46.85;46.97;47.02;46.87;46.99;47.14;47.09;47;47.02;46.98;47.04;47.07;47.2;47.15;47.12;47.25;47.2;47.29;47.31;47.34;47.38;47.33;47.26;47.33;47.37;47.49;47.47;47.53;47.44;47.58;47.56;47.5;47.54;47.66;47.65;47.66;47.64;47.67;47.65;47.68;47.6;47.66;47.63;47.65;47.64;47.59;47.61;47.62;47.6;47.44;47.44;47.25;47.14;47.07;47.02;46.9;47.15;47.31;47.02;46.63;46.79;46.55;46.7;46.58;46.48;46.55;46.57;46.5;46.75;46.32;46.28;46.44;46.16;45.61;45.32;44.9;43.87;43.74;43.5;42.51;42.92;44.02;42.43;41.69;41.87;40.98;41.61;41.84;41.42;41.44;41.45;40.75;41.57;41.51;40.4;41.25;41.22;40.78;41.51;40.96;42.05;41.8;42.15;41.54;41.4;41.37;41.42;41.88;42.19;41.73;42.05;42.23;42.09;42.4;42.3;42.36;42.38;42.44;42.51;42.44;42.76;42.39;42.57;42.76;42.64;42.54;43.09;42.6;42.69;42.55;42.95;42.89;43.01;42.66;42.88;43.15;42.19;43.23;43.03;42.52;42.99;43.48;41.96;42.81;41.46;42.19;42.82;41.83;41.96;41.88;41.99;41.76;41.67;40.57;40.92;39.77
8.03;8.12;7.76;6.98;6.75;6.33;6.07;5.67;5.23;4.97;4.72;4.52;4.25;4.27;4.15;3.99;3.84;3.85;3.82;3.73;3.37;3.33;3.18;3.15;3.08;3.2;3.05;2.93;2.85;2.72;2.7;2.68;2.69;2.72;2.72;2.74;2.7;2.77;2.78;2.79;2.8;2.8;2.81;2.84;2.82;2.82;2.85;2.88;2.87;2.85;2.86;2.86;2.86;2.89;2.86;2.87;2.86;2.84;2.88;2.86;2.87;2.88;2.89;2.88;2.89;2.9;2.89;2.9;2.89;2.91;2.91;2.91;2.9;2.92;2.9;2.9;2.91;2.91;2.9;2.9;2.91;2.91;2.94;2.94;2.95;2.97;2.98;3.01;3.03;3.05;3.09;3.13;3.16;3.21;3.28;3.32;3.42;3.5;3.62;3.75;3.92;4.11;4.32;4.54;4.76;5;5.25;5.47;5.7;5.89;6.06;6.2;6.33;6.44;6.52;6.6;6.67;6.73;6.79;6.85;6.91;6.96;7;7.02;7.02;6.98;6.92;6.85;6.75;6.64;6.51;6.35;6.19;6.04;5.86;5.7;5.55;5.4;5.29;5.17;5.07;4.98;4.91;4.83;4.78;4.71;4.67;4.62;4.59;4.56;4.54;4.51;4.49;4.47;4.44;4.4;4.37;4.33;4.28;4.22;4.17;4.11;4.07;4.04;3.98;3.95;3.93;3.9;3.89;3.86;3.85;3.85;3.84;3.82;3.79;3.77;3.73;3.69;3.64;3.59;3.54;3.5;3.45;3.42;3.4;3.37;3.35;3.35;3.34;3.32;3.3;3.28;3.26;3.24;3.22;3.24;3.24;3.26;3.28;3.31;3.32;3.36;3.4;3.45;3.52;3.58;3.68;3.82;3.94;4.09;4.28;4.59;4.95;5.44;6.03;6.75;7.61;8.59;9.62;10.7;11.79;12.94;14.2;15.52;16.89;18.28;19.66;21.22;23.06;24.97;26.73;28.66;30.57;32.49;34.38;36.41;38.39;40.28;42.08;43.82;45.54;47.2;48.73;50.18;51.55;52.8;53.93;54.96;55.93;56.72;57.5;58.12;58.66;59;59.41;59.78;60.3;60.74;61.16;61.41;61.52;61.7;61.81;61.92;62.02;62.13;62.2;62.34;62.4;62.47;62.53;62.61;62.66;62.71;62.73;62.77;62.82;62.88;62.99;62.98;63.03;63.04;63.09;63.07;63.13;63.15;63.19;63.18;63.1;63.07;63.02;63;63.18;63.17;63.24;63.25;63.3;63.33;63.27;63.22;63.35;63.3;63.38;63.37;63.29;63.38;63.44;63.44;63.45;63.48;63.54;63.51;63.55;63.58;63.6;63.57;63.66;63.74;63.8;63.79;63.83;63.9;63.81;63.75;63.89;63.98;63.85;63.94;63.92;63.92;64;63.97;63.96;64.04;64.04;63.91;63.92;63.98;63.87;63.93;63.89;63.74;63.75;63.38;63.36;63.11;63.22;63.24;63.35;63.18;63.04;62.87;62.98;62.88;62.63;62.61;62.72;62.35;62.57;62.8;62.55;62.41;62.25;62.29;61.66;61.2;60.5;58.92;58.37;58.58;57.2;58.2;58.79;57.35;56.66;56.06;56.51;56.56;56.42;56.05;56.21;56.43;55.53;54.83;56.17;55.3;55.46;54.98;55.9;55.79;56.17;56.41;56.46;57.18;56.31;56.23;56.65;56.66;56.6;56.84;56.69;56.55;56.67;56.96;57.26;57.49;57.28;57.13;57.59;57.29;57.02;57.74;57.74;57.72;58.05;57.03;57.57;57.86;57.46;57.98;57.86;58.05;57.85;57.59;57.54;57.17;57.6;57.25;57.18;57.97;57.06;56.72;57.08;56.99;57.14;56.84;56.17;56.34;56.22;55.97;55.51;55.21;55.79;55.33;54.29;55.73;55.3
5.53;5.51;5.47;5.02;4.79;4.63;4.29;4.03;3.91;3.13;2.87;3.19;2.8;2.77;2.75;2.51;2.39;2.42;2.43;2.19;2.19;2.03;1.96;1.97;1.91;1.92;1.87;1.77;1.6;1.59;1.52;1.53;1.55;1.47;1.55;1.55;1.54;1.58;1.6;1.59;1.62;1.62;1.6;1.65;1.66;1.64;1.67;1.72;1.66;1.67;1.67;1.67;1.69;1.68;1.67;1.68;1.69;1.66;1.69;1.67;1.67;1.68;1.7;1.68;1.68;1.68;1.68;1.68;1.69;1.7;1.7;1.7;1.69;1.7;1.69;1.69;1.69;1.69;1.68;1.69;1.7;1.7;1.71;1.71;1.7;1.72;1.75;1.75;1.77;1.8;1.83;1.86;1.89;1.91;1.96;2.02;2.07;2.15;2.24;2.34;2.45;2.59;2.74;2.9;3.08;3.25;3.43;3.59;3.75;3.91;4.04;4.14;4.25;4.33;4.39;4.44;4.5;4.53;4.59;4.64;4.66;4.71;4.74;4.75;4.76;4.73;4.68;4.62;4.56;4.48;4.39;4.29;4.17;4.05;3.92;3.81;3.69;3.6;3.5;3.42;3.35;3.28;3.23;3.18;3.13;3.09;3.05;3.02;2.99;2.97;2.96;2.94;2.92;2.9;2.89;2.85;2.82;2.8;2.75;2.72;2.69;2.64;2.61;2.58;2.54;2.53;2.51;2.49;2.46;2.48;2.46;2.45;2.46;2.43;2.42;2.4;2.37;2.33;2.29;2.27;2.22;2.19;2.16;2.13;2.1;2.09;2.08;2.08;2.05;2.03;2.01;1.97;1.96;1.96;1.95;1.94;1.95;1.95;1.96;1.99;2;2.02;2.05;2.05;2.09;2.15;2.21;2.33;2.43;2.53;2.69;2.93;3.2;3.55;4;4.51;5.12;5.81;6.54;7.3;8.08;8.9;9.8;10.73;11.71;12.71;13.72;14.8;16.05;17.56;18.94;20.36;21.79;23.22;24.69;26.27;27.88;29.4;30.88;32.27;33.67;35.01;36.27;37.5;38.66;39.72;40.68;41.59;42.37;43.13;43.79;44.41;44.86;45.34;45.51;45.63;45.98;46.39;46.85;47.26;47.53;47.68;47.79;47.89;47.99;48.13;48.18;48.27;48.39;48.43;48.52;48.57;48.66;48.68;48.69;48.78;48.83;48.86;48.9;48.94;48.96;48.97;49.02;49.05;49.09;49.12;49.15;49.11;49.11;49.11;49.04;48.98;49.03;49.11;49.15;49.15;49.22;49.24;49.25;49.24;49.24;49.28;49.23;49.27;49.33;49.34;49.36;49.48;49.43;49.48;49.47;49.57;49.56;49.54;49.57;49.66;49.58;49.66;49.64;49.81;49.84;49.83;49.87;49.85;49.83;49.92;49.91;49.9;49.88;49.94;49.86;49.88;49.9;49.93;50.01;49.88;49.92;49.94;49.91;49.92;49.91;49.75;49.65;49.57;49.3;49.3;49.3;49.26;49.25;49.4;49.18;49.23;48.95;48.87;48.87;48.63;48.62;48.57;48.71;48.8;48.65;48.76;48.36;48.52;48.06;47.62;47.05;46.37;44.99;45.29;44.61;44.41;44.54;44.17;44.21;43.39;43.35;42.94;43.1;42.49;42.24;42.17;42.23;41.03;42.22;41.64;42.27;41.98;41.98;41.97;41.97;42.36;42.12;42.44;42.78;42.23;42.46;42.64;42.51;42.26;42.62;42.56;43.08;42.83;43.24;43.43;43.1;43.31;43.15;43.65;43.26;43.56;43.81;43.31;43.84;44.07;43.41;43.82;43.64;44.25;43.68;43.84;44.26;44.08;44.24;43.61;44.21;44.81;43.19;43.59;44.39;43.91;43.45;43.85;44.34;42.63;44.17;42.26;43.63;43.91;44.15;43.92;42.08;42.49;43.87;43.43;41.61
6.36;6.22;5.75;5.55;5.36;5.03;4.62;4.25;4;3.81;3.56;3.27;3;3.17;2.96;2.85;2.69;2.72;2.66;2.48;2.37;2.32;2.18;2.17;2.17;2.21;2.09;1.96;1.9;1.78;1.72;1.74;1.71;1.72;1.69;1.72;1.71;1.75;1.75;1.78;1.8;1.8;1.81;1.77;1.77;1.79;1.8;1.82;1.8;1.78;1.78;1.76;1.79;1.79;1.79;1.77;1.8;1.79;1.8;1.8;1.79;1.79;1.79;1.8;1.79;1.78;1.77;1.78;1.79;1.78;1.8;1.79;1.8;1.79;1.8;1.79;1.79;1.79;1.79;1.79;1.79;1.8;1.79;1.8;1.8;1.82;1.84;1.85;1.87;1.89;1.92;1.97;2.01;2.06;2.11;2.18;2.26;2.35;2.47;2.59;2.74;2.91;3.09;3.28;3.5;3.71;3.93;4.14;4.32;4.52;4.67;4.81;4.92;5.04;5.12;5.21;5.27;5.33;5.39;5.44;5.48;5.53;5.56;5.58;5.59;5.57;5.52;5.45;5.35;5.25;5.13;4.99;4.85;4.71;4.55;4.4;4.26;4.15;4.04;3.93;3.84;3.76;3.68;3.62;3.58;3.53;3.48;3.42;3.39;3.36;3.34;3.31;3.29;3.26;3.23;3.2;3.16;3.12;3.08;3.02;2.97;2.92;2.88;2.83;2.79;2.75;2.73;2.72;2.71;2.69;2.68;2.66;2.65;2.64;2.62;2.59;2.55;2.5;2.46;2.41;2.36;2.3;2.26;2.22;2.19;2.16;2.15;2.13;2.11;2.08;2.06;2.03;2.01;1.99;1.97;1.96;1.96;1.95;1.96;1.98;1.99;2;2.03;2.05;2.08;2.15;2.22;2.34;2.47;2.6;2.81;3.1;3.46;3.9;4.47;5.13;5.89;6.74;7.64;8.58;9.54;10.52;11.62;12.75;13.92;15.13;16.37;17.74;19.21;20.75;22.32;24;25.64;27.29;28.95;30.72;32.46;34.16;35.82;37.44;39.01;40.46;41.88;43.17;44.4;45.6;46.67;47.69;48.62;49.42;50.15;50.8;51.32;51.89;53.09;52.83;53.06;53.09;53.24;53.39;53.73;54;54.27;54.47;54.61;54.75;54.85;54.93;55.01;55.13;55.18;55.32;55.38;55.44;55.45;55.51;55.47;55.58;55.56;55.58;55.64;55.7;55.78;55.75;55.76;55.77;55.81;55.81;55.86;55.9;55.93;55.87;55.69;55.56;55.66;55.81;55.59;55.73;55.77;55.84;55.77;55.8;55.71;55.75;55.71;55.81;55.84;55.86;55.87;55.91;55.94;56.08;56.19;56.09;56.16;56.32;56.18;56.16;56.22;56.27;56.34;56.37;56.31;56.45;56.37;56.34;56.39;56.46;56.42;56.5;56.39;56.44;56.44;56.44;56.35;56.28;56.27;56.28;56.13;56.24;56.25;56.13;56.23;56.24;56.18;56.05;55.95;55.63;55.56;55.5;55.45;55.29;55.5;55.09;55.12;55.01;54.73;54.73;54.76;54.4;54.54;54.32;54.39;54.5;54.18;53.99;53.91;53.57;53.21;51.73;52.01;50.45;50.65;49.24;49.79;48.5;48.36;47.74;48.31;47.98;47.74;47.56;47.02;46.56;46.97;46.96;46.28;46.09;46.69;46.53;46.29;47.11;46.39;46.81;46.99;47.39;47.1;47.23;47.09;47.46;47.63;47.53;47.94;47.67;47.63;47.81;48.08;48.37;48.23;48.06;48.26;48.09;48.64;48.86;48.24;49.02;48.63;48.95;48.91;48.22;49.3;49.15;48.87;49.02;48.85;48.94;49.26;49.08;49.52;49.42;48.96;48.84;48.69;48.93;48.99;48.62;49.67;50.23;48.35;49.13;48.7;48.14;48.74;48.26;47.62;47.8;48.37
6.56;6.9;6.48;6.27;5.99;5.81;5.39;5.15;4.74;4.38;3.97;3.91;3.86;3.64;3.75;3.27;3.39;3.41;3.31;3.18;3;2.88;2.71;2.66;2.76;2.74;2.64;2.45;2.39;2.3;2.27;2.28;2.23;2.21;2.22;2.29;2.25;2.3;2.34;2.34;2.35;2.31;2.36;2.35;2.36;2.38;2.42;2.41;2.41;2.4;2.44;2.43;2.42;2.45;2.44;2.43;2.44;2.44;2.44;2.46;2.45;2.47;2.47;2.47;2.48;2.47;2.48;2.48;2.48;2.5;2.5;2.5;2.51;2.5;2.51;2.5;2.5;2.51;2.51;2.51;2.51;2.52;2.52;2.53;2.54;2.56;2.58;2.59;2.63;2.65;2.68;2.73;2.78;2.83;2.88;2.95;3.03;3.11;3.23;3.37;3.52;3.7;3.89;4.1;4.31;4.53;4.75;4.98;5.18;5.36;5.51;5.66;5.78;5.88;5.97;6.04;6.12;6.18;6.24;6.29;6.32;6.38;6.43;6.45;6.46;6.44;6.39;6.32;6.24;6.14;6.01;5.88;5.74;5.59;5.43;5.3;5.16;5.05;4.94;4.83;4.75;4.66;4.6;4.53;4.48;4.44;4.38;4.35;4.32;4.29;4.26;4.25;4.23;4.2;4.17;4.13;4.1;4.06;4.01;3.96;3.91;3.87;3.82;3.78;3.74;3.7;3.68;3.66;3.65;3.64;3.63;3.62;3.61;3.6;3.58;3.55;3.51;3.47;3.42;3.38;3.32;3.29;3.25;3.22;3.18;3.15;3.14;3.12;3.1;3.07;3.04;3.01;2.98;2.98;2.97;2.96;2.96;2.94;2.97;2.98;3.01;3.01;3.05;3.07;3.11;3.17;3.25;3.37;3.48;3.62;3.84;4.11;4.48;4.93;5.49;6.16;6.92;7.79;8.7;9.63;10.58;11.58;12.67;13.82;15;16.19;17.31;18.64;20.31;22.18;23.7;25.39;27.13;28.76;30.52;32.37;34.28;36;37.59;39.2;40.67;42.1;43.52;44.83;46.07;47.19;48.16;49.12;49.98;50.66;51.38;51.9;52.44;52.6;52.29;52.81;53.28;54.04;54.66;55.14;55.32;55.4;55.46;55.45;55.52;55.6;55.7;55.78;55.85;55.93;55.98;56.01;56.02;56.04;56.14;56.19;56.24;56.3;56.32;56.31;56.35;56.39;56.42;56.51;56.49;56.58;56.49;56.52;56.4;56.34;56.24;56.23;56.4;56.61;56.58;56.58;56.73;56.67;56.64;56.66;56.72;56.63;56.7;56.77;56.7;56.88;56.84;56.9;56.91;56.94;56.94;56.89;56.91;57.03;56.98;56.9;57.06;57.1;57.19;57.17;57.24;57.32;57.27;57.14;57.29;57.32;57.36;57.39;57.39;57.4;57.34;57.35;57.34;57.36;57.37;57.33;57.36;57.31;57.39;57.23;57.31;57.02;56.88;56.75;56.52;56.47;56.39;56.35;56.81;56.88;56.46;56.29;56.15;56.35;56.18;56.03;55.91;55.66;56.28;56.65;56.33;55.99;56.04;55.91;55.22;54.7;53.62;52.23;51.67;51.28;50.35;51.87;52.68;51.55;51.15;50.46;50.08;50.78;51.04;50.22;49.92;50.44;49.2;49.13;50.4;48.94;49.42;50.25;49.65;49.6;50.48;50.78;50.73;50.82;50.55;50.49;50.4;50.38;50.43;50.93;50.36;50.81;50.8;51.02;51.14;51.35;51.4;51.12;51.68;51.24;51.34;51.47;51.65;51;51.37;51.19;51.29;51.43;51.37;51.77;51.96;51.78;51.46;51.46;52.36;50.85;51.49;51.65;51.22;51;51.23;51.65;50.95;50.49;50.82;51.09;51.13;50.35;50.98;49.87;51.18;50.82;50.43;48.82;49.24;48.58;48.84
6.69;6.39;5.84;5.64;5.61;4.94;4.91;4.41;4.02;3.77;3.56;3.25;3.07;3.2;3.19;2.89;2.85;2.79;2.72;2.59;2.52;2.37;2.24;2.17;2.25;2.17;2.14;1.98;1.87;1.82;1.79;1.75;1.77;1.77;1.74;1.8;1.77;1.81;1.84;1.84;1.87;1.89;1.89;1.89;1.91;1.92;1.92;1.97;1.94;1.95;1.97;1.96;1.97;2;1.99;1.99;1.97;1.99;1.99;1.98;2;2.01;2.02;2.01;2.01;2.03;2.03;2.03;2.02;2.03;2.03;2.03;2.03;2.03;2.04;2.03;2.03;2.03;2.03;2.04;2.02;2.05;2.06;2.07;2.08;2.09;2.12;2.14;2.16;2.18;2.21;2.26;2.31;2.34;2.4;2.46;2.55;2.65;2.76;2.89;3.05;3.22;3.43;3.62;3.84;4.06;4.26;4.48;4.68;4.84;4.99;5.12;5.25;5.33;5.42;5.48;5.55;5.6;5.66;5.7;5.76;5.81;5.85;5.86;5.86;5.83;5.79;5.73;5.66;5.57;5.45;5.33;5.19;5.04;4.9;4.75;4.62;4.51;4.4;4.3;4.23;4.14;4.08;4.01;3.95;3.9;3.86;3.83;3.8;3.78;3.75;3.74;3.72;3.7;3.67;3.64;3.6;3.56;3.52;3.47;3.43;3.37;3.33;3.29;3.25;3.23;3.19;3.17;3.16;3.15;3.13;3.13;3.12;3.11;3.08;3.06;3.02;2.97;2.93;2.88;2.83;2.79;2.75;2.71;2.68;2.66;2.64;2.64;2.62;2.58;2.56;2.53;2.52;2.5;2.49;2.48;2.47;2.47;2.48;2.51;2.5;2.52;2.54;2.58;2.62;2.69;2.76;2.86;2.99;3.15;3.37;3.65;4.02;4.49;5.03;5.68;6.43;7.26;8.15;9.04;9.95;10.91;11.93;13.01;14.11;15.2;16.22;17.45;18.99;20.69;22.1;23.59;25.15;26.7;28.22;29.88;31.6;33.12;34.53;35.94;37.28;38.6;39.8;40.97;42.07;43.07;43.95;44.76;45.51;46.23;46.79;47.32;47.73;47.91;47.83;48.31;48.78;49.26;49.63;49.89;50.07;50.15;50.24;50.35;50.44;50.51;50.64;50.71;50.74;50.82;50.86;50.88;50.93;50.95;51.01;51.1;51.14;51.13;51.16;51.23;51.18;51.23;51.25;51.29;51.36;51.36;51.32;51.34;51.24;51.23;51.24;51.23;51.27;51.39;51.33;51.31;51.49;51.47;51.39;51.43;51.42;51.42;51.47;51.51;51.52;51.57;51.57;51.67;51.62;51.66;51.61;51.65;51.6;51.64;51.72;51.68;51.76;51.85;51.84;51.79;51.9;51.93;51.93;51.86;51.97;51.98;52.05;51.98;52;51.98;52.05;52.02;52.08;52.05;51.97;51.93;51.94;51.96;51.95;51.97;51.89;51.85;51.62;51.6;51.44;51.37;51.17;51.43;51.55;51.37;51.25;51.15;51.03;51.16;50.89;50.87;50.89;50.66;50.59;51.31;50.91;50.67;50.58;50.5;50.08;49.97;49.31;48.64;47.96;47.13;46.19;47.94;47.65;46.46;46.42;45.91;45.56;45.96;45.88;46.54;45.8;45.61;45.59;44.6;45.47;44.83;44.9;45.25;45.06;44.97;45.47;46.01;46.12;45.6;45.89;45.83;45.88;45.8;45.78;46.08;45.91;46.36;46.02;46.9;46.38;46.32;46.76;46.66;46.88;46.93;46.71;46.97;46.79;46.96;46.63;47.23;46.95;46.25;47;47.34;47.01;47.28;47.57;47.1;47.28;46.94;47.03;46.68;47.79;46.75;46.69;46.74;46.97;46.64;47;46.89;45.8;46.2;46.03;46.14;45.85;45.97;46.71;45.44;45.73;45.54;45.86
6.25;6.09;5.62;5.42;5.23;4.51;4.35;4.1;3.76;3.35;3.4;3.1;2.97;3;2.86;2.63;2.57;2.57;2.54;2.47;2.22;2.2;2.14;1.99;2.01;2.12;1.92;1.93;1.7;1.7;1.66;1.63;1.63;1.61;1.62;1.66;1.67;1.65;1.69;1.73;1.74;1.74;1.73;1.76;1.76;1.76;1.77;1.79;1.78;1.75;1.76;1.77;1.78;1.79;1.77;1.78;1.8;1.81;1.81;1.8;1.81;1.82;1.82;1.81;1.82;1.81;1.81;1.8;1.81;1.82;1.83;1.82;1.83;1.83;1.84;1.84;1.84;1.84;1.82;1.83;1.82;1.83;1.86;1.86;1.85;1.87;1.9;1.9;1.93;1.96;2.01;2.07;2.11;2.17;2.23;2.31;2.4;2.5;2.62;2.77;2.93;3.12;3.33;3.53;3.73;3.95;4.16;4.38;4.58;4.75;4.89;5.04;5.15;5.24;5.33;5.42;5.49;5.55;5.61;5.66;5.73;5.76;5.81;5.81;5.81;5.78;5.72;5.66;5.57;5.46;5.35;5.24;5.1;4.96;4.81;4.67;4.54;4.42;4.32;4.21;4.13;4.05;3.98;3.91;3.85;3.8;3.77;3.73;3.69;3.67;3.64;3.62;3.59;3.57;3.55;3.51;3.47;3.42;3.38;3.32;3.28;3.22;3.18;3.13;3.1;3.06;3.04;3.01;3;2.99;2.98;2.98;2.97;2.96;2.93;2.89;2.85;2.8;2.75;2.69;2.64;2.58;2.54;2.5;2.46;2.43;2.41;2.39;2.39;2.35;2.32;2.28;2.26;2.22;2.21;2.2;2.19;2.19;2.19;2.19;2.2;2.22;2.23;2.28;2.32;2.38;2.46;2.6;2.75;2.95;3.21;3.54;3.98;4.49;5.08;5.78;6.58;7.49;8.38;9.32;10.23;11.22;12.25;13.33;14.43;15.53;16.52;17.77;19.29;20.86;22.14;23.61;25.09;26.55;28.03;29.59;31.15;32.56;33.89;35.2;36.46;37.62;38.79;39.84;40.85;41.76;42.6;43.35;44.05;44.63;45.19;45.69;46.03;46.21;46.5;46.96;47.29;47.63;47.77;47.89;48.04;48.16;48.29;48.43;48.52;48.62;48.66;48.78;48.83;48.88;48.95;48.98;49.02;49.09;49.14;49.16;49.15;49.18;49.23;49.29;49.28;49.34;49.44;49.42;49.43;49.5;49.43;49.48;49.45;49.44;49.43;49.4;49.5;49.45;49.37;49.41;49.38;49.51;49.44;49.44;49.46;49.46;49.5;49.48;49.5;49.53;49.52;49.56;49.57;49.6;49.64;49.65;49.7;49.73;49.71;49.75;49.78;49.76;49.81;49.8;49.86;49.81;49.92;49.9;49.98;49.94;49.98;49.95;49.94;49.97;49.93;50.01;49.99;49.94;50;49.93;49.92;49.92;49.93;49.88;49.85;49.82;49.66;49.65;49.55;49.5;49.42;49.39;49.51;49.33;49.12;49.05;48.99;49;48.75;48.8;48.79;48.66;48.71;48.86;48.53;48.65;48.52;48.42;48.11;47.6;47.42;46.27;46.5;46;45.57;45.33;45.31;45.01;44.21;43.54;43.51;43.73;42.86;42.74;43.45;42.29;43.01;42.27;42.94;42.57;42.18;42.16;42.62;42.68;42.69;42.78;42.79;42.71;43.18;42.77;43;42.76;42.86;43.37;43.4;43.41;42.99;43.66;43.59;43.63;43.87;43.35;44.1;43.9;43.85;43.94;43.83;44.46;44.2;44.32;43.74;44.15;44.2;44.59;44.42;44.44;44.53;44.47;43.97;44.29;44.7;44.14;44.13;44.61;44.47;44.29;44.15;44;43.7;43.46;43.2;43.78;43.93;44.13;42.56;44.02;43.86;42.82;42.84;43.35;42.86
7.14;7.13;6.38;5.55;5.83;5.25;4.99;4.76;4.35;3.84;3.52;3.53;3.37;3.25;3.22;2.99;2.84;2.93;2.72;2.79;2.67;2.47;2.35;2.28;2.29;2.42;2.27;2.12;2.01;1.96;1.89;1.91;1.93;1.95;1.98;1.98;2.01;2.05;2.09;2.12;2.15;2.18;2.18;2.19;2.21;2.22;2.23;2.28;2.28;2.25;2.25;2.24;2.28;2.29;2.29;2.29;2.3;2.3;2.31;2.32;2.33;2.34;2.35;2.35;2.34;2.34;2.34;2.34;2.35;2.34;2.35;2.36;2.36;2.35;2.36;2.35;2.36;2.35;2.35;2.35;2.34;2.34;2.4;2.4;2.39;2.42;2.46;2.48;2.52;2.55;2.61;2.69;2.76;2.83;2.93;3.02;3.14;3.28;3.42;3.59;3.79;4.05;4.3;4.53;4.78;5.02;5.28;5.56;5.79;5.97;6.14;6.33;6.46;6.57;6.66;6.77;6.87;6.95;7.02;7.1;7.17;7.22;7.25;7.29;7.26;7.22;7.17;7.1;7;6.88;6.73;6.58;6.41;6.23;6.07;5.89;5.73;5.57;5.45;5.33;5.21;5.12;5.02;4.94;4.85;4.79;4.75;4.71;4.66;4.63;4.6;4.57;4.53;4.5;4.47;4.43;4.36;4.31;4.24;4.17;4.11;4.05;3.98;3.94;3.88;3.83;3.8;3.78;3.75;3.74;3.73;3.73;3.71;3.69;3.65;3.61;3.55;3.49;3.41;3.33;3.25;3.18;3.1;3.06;3.01;2.98;2.94;2.9;2.9;2.86;2.82;2.76;2.71;2.67;2.63;2.61;2.58;2.57;2.59;2.59;2.58;2.59;2.62;2.66;2.71;2.78;2.89;3.05;3.28;3.52;3.84;4.25;4.73;5.35;6;6.78;7.67;8.63;9.61;10.61;11.59;12.58;13.66;14.78;15.91;17.03;18.08;19.28;20.71;22.24;23.55;25;26.39;27.78;29.15;30.54;31.98;33.32;34.56;35.82;37.01;38.12;39.14;40.15;41.04;41.89;42.68;43.37;43.97;44.57;45.1;45.5;45.84;46.35;47.07;47.03;47.12;47.05;46.99;47.1;47.3;47.54;47.73;47.92;48.05;48.15;48.21;48.3;48.35;48.42;48.46;48.45;48.56;48.59;48.58;48.6;48.58;48.58;48.59;48.59;48.65;48.68;48.68;48.74;48.71;48.76;48.78;48.81;48.83;48.9;48.85;48.86;48.78;48.62;48.61;48.82;48.52;48.67;48.64;48.72;48.71;48.7;48.68;48.75;48.79;48.77;48.81;48.89;48.89;48.97;49.07;48.98;49.08;49.18;49.12;49.26;49.2;49.13;49.12;49.21;49.15;49.2;49.2;49.33;49.21;49.25;49.23;49.24;49.21;49.33;49.33;49.29;49.38;49.31;49.3;49.22;49.27;49.2;49.25;49.16;49.13;49.13;49.21;49.04;49.18;48.98;48.99;48.69;48.59;48.41;48.49;48.36;48.3;48.27;48.12;48.25;48.13;47.86;47.93;47.57;47.87;47.8;47.75;47.86;47.62;47.48;47.46;47.2;46.66;46.26;45.29;45.07;45.04;44.93;43.71;43.46;43.13;43.11;42.56;42.76;42.97;42.99;42.46;42.06;42.51;42.58;41.93;42.15;42;42.36;42.15;42.48;42.49;42.7;42.82;43;43.26;43.08;42.82;43.1;42.99;43.19;43.47;43.44;43.17;43.64;43.56;43.97;44.13;43.99;43.8;44.37;44.06;44.13;44.25;44.39;44.44;44.33;44.04;44.88;44.54;43.86;44.22;44.27;43.96;43.64;44.83;43.94;44.12;43.98;44.08;44.42;43.87;44.53;44.17;43.13;44.09;43.57;44.25;43.18;43.39;43.78;43.29;42.4;42.59;42.83;41.61
7.39;7.46;6.91;6.42;6.14;5.82;5.49;5.11;4.63;4.55;4;3.73;3.9;3.92;3.48;3.49;3.33;3.36;3.33;3.19;3.02;2.86;2.89;2.77;2.76;2.66;2.61;2.59;2.4;2.34;2.32;2.33;2.29;2.32;2.27;2.31;2.32;2.32;2.34;2.37;2.37;2.4;2.41;2.43;2.43;2.45;2.46;2.49;2.49;2.49;2.47;2.45;2.49;2.5;2.5;2.5;2.52;2.53;2.54;2.54;2.54;2.57;2.57;2.56;2.55;2.55;2.57;2.55;2.55;2.58;2.58;2.58;2.6;2.59;2.6;2.6;2.61;2.62;2.61;2.6;2.59;2.61;2.64;2.65;2.65;2.68;2.71;2.73;2.76;2.79;2.85;2.92;2.98;3.06;3.13;3.23;3.33;3.47;3.6;3.77;3.96;4.21;4.46;4.69;4.92;5.18;5.44;5.71;5.95;6.14;6.35;6.52;6.66;6.8;6.91;7;7.11;7.18;7.26;7.35;7.41;7.48;7.54;7.57;7.55;7.51;7.47;7.41;7.33;7.21;7.1;6.97;6.82;6.67;6.52;6.36;6.22;6.09;5.97;5.86;5.78;5.69;5.6;5.52;5.45;5.39;5.37;5.34;5.3;5.27;5.25;5.22;5.2;5.17;5.14;5.1;5.06;5;4.95;4.89;4.83;4.77;4.73;4.68;4.64;4.59;4.57;4.54;4.53;4.51;4.52;4.51;4.49;4.49;4.46;4.42;4.39;4.31;4.26;4.2;4.14;4.07;4.02;3.98;3.96;3.93;3.88;3.87;3.88;3.85;3.82;3.77;3.73;3.69;3.66;3.65;3.64;3.64;3.65;3.65;3.67;3.65;3.66;3.69;3.73;3.79;3.87;4.01;4.18;4.42;4.72;5.11;5.59;6.2;6.84;7.63;8.5;9.46;10.45;11.45;12.43;13.47;14.56;15.69;16.82;17.95;19;20.22;21.68;23.25;24.74;26.21;27.65;29.08;30.58;32.13;33.65;35.07;36.41;37.77;39;40.19;41.36;42.42;43.42;44.34;45.17;45.98;46.65;47.28;47.83;48.35;48.78;49.32;50.04;49.77;49.92;50.11;50.27;50.48;50.76;50.98;51.09;51.29;51.37;51.49;51.56;51.62;51.69;51.76;51.85;51.92;51.96;52.02;52;52.06;52.09;52.16;52.16;52.17;52.24;52.27;52.25;52.28;52.32;52.35;52.39;52.34;52.35;52.49;52.44;52.31;52.26;52.2;52.32;52.38;52.16;52.27;52.34;52.43;52.27;52.29;52.31;52.29;52.35;52.42;52.41;52.42;52.55;52.54;52.57;52.62;52.7;52.71;52.7;52.77;52.61;52.71;52.77;52.75;52.86;52.82;52.92;52.97;52.88;52.93;52.87;52.93;52.98;52.99;52.99;52.96;52.96;53.02;52.99;52.99;52.97;52.91;52.97;52.92;52.95;52.93;52.83;53.01;52.86;52.65;52.5;52.47;52.35;52.28;52.28;52.4;52.06;52.11;52.03;52.11;51.85;51.65;51.72;51.89;51.69;51.56;51.83;51.65;51.26;51.21;50.66;50.79;49.78;49.45;48.74;47.87;47.82;48.09;47.83;46.55;45.91;47.47;46.92;46.66;46.31;46.35;45.72;45;46.16;45.44;45.94;45.29;45.81;45.9;45.93;46.06;46.68;46.3;46.62;46.97;46.66;47.13;46.61;46.92;46.99;47.18;46.86;47.09;47.02;47.08;47.5;47.67;47.24;47.63;47.49;48.08;48.01;47.78;47.84;48.19;47.81;48.01;48;48.49;48.43;48.02;48.19;47.85;47.97;48.32;47.46;48.1;48.03;47.46;48.39;47.69;48.17;46.6;46.82;47.7;48.27;46.73;46.34;47.93;47.97;45.65;46.16;47.44;45.86;45.57;46.36
5.9;5.33;5.12;4.79;4.51;4.02;3.87;3.87;3.38;3.1;2.87;2.79;2.79;2.54;2.61;2.43;2.29;2.26;2.25;2.12;1.95;2.01;1.8;1.77;1.78;1.83;1.73;1.65;1.51;1.47;1.45;1.43;1.42;1.43;1.45;1.43;1.45;1.44;1.46;1.49;1.48;1.49;1.47;1.47;1.48;1.48;1.5;1.49;1.47;1.48;1.46;1.47;1.48;1.47;1.49;1.47;1.5;1.47;1.47;1.49;1.48;1.48;1.48;1.48;1.46;1.47;1.47;1.47;1.47;1.48;1.47;1.48;1.48;1.47;1.48;1.47;1.48;1.48;1.46;1.47;1.48;1.48;1.48;1.48;1.48;1.49;1.5;1.51;1.53;1.57;1.6;1.62;1.65;1.69;1.74;1.8;1.86;1.94;2.04;2.14;2.26;2.41;2.54;2.72;2.9;3.08;3.27;3.44;3.61;3.76;3.9;4.01;4.11;4.22;4.29;4.36;4.43;4.47;4.53;4.57;4.6;4.64;4.67;4.67;4.67;4.64;4.59;4.51;4.44;4.36;4.26;4.16;4.05;3.92;3.8;3.67;3.55;3.46;3.36;3.27;3.2;3.13;3.08;3.04;2.98;2.95;2.91;2.85;2.82;2.8;2.77;2.75;2.73;2.7;2.67;2.65;2.62;2.59;2.56;2.51;2.47;2.43;2.39;2.36;2.32;2.29;2.27;2.26;2.25;2.24;2.23;2.23;2.21;2.21;2.18;2.16;2.13;2.09;2.06;2.01;1.97;1.93;1.9;1.87;1.84;1.82;1.81;1.8;1.77;1.76;1.74;1.71;1.69;1.68;1.68;1.66;1.66;1.67;1.68;1.68;1.72;1.73;1.75;1.78;1.81;1.85;1.92;2;2.1;2.21;2.36;2.61;2.91;3.27;3.72;4.26;4.87;5.57;6.31;7.09;7.87;8.69;9.58;10.49;11.43;12.42;13.44;14.59;15.82;17.11;18.36;19.74;21.13;22.53;23.95;25.41;26.83;28.24;29.63;31.01;32.36;33.67;34.92;36.03;37.13;38.12;39.08;39.91;40.72;41.43;42.04;42.64;43.12;43.8;44.75;44.74;44.93;44.76;44.66;44.72;44.98;45.22;45.52;45.79;45.94;46.06;46.14;46.23;46.3;46.38;46.43;46.48;46.58;46.57;46.6;46.61;46.62;46.63;46.63;46.64;46.68;46.72;46.78;46.73;46.74;46.76;46.79;46.81;46.87;46.92;47;47;46.78;46.67;46.65;46.75;46.49;46.62;46.67;46.69;46.68;46.73;46.72;46.75;46.81;46.84;46.82;46.98;47;47.04;47.06;47.15;47.27;47.25;47.21;47.39;47.31;47.34;47.24;47.34;47.33;47.35;47.33;47.48;47.38;47.34;47.38;47.36;47.44;47.46;47.45;47.46;47.5;47.45;47.46;47.42;47.41;47.38;47.36;47.39;47.35;47.38;47.35;47.43;47.47;47.44;47.25;47.03;46.72;46.62;46.6;46.72;46.61;46.44;46.52;46.55;46.31;46.25;45.97;45.98;46.04;46.05;45.81;45.77;46.12;45.67;45.94;45.69;45.85;44.89;44.06;43.48;42.56;42.33;42.09;41.64;41.53;41.26;41.2;41.2;40.56;40.74;41.07;40.51;40.27;39.86;39.83;39.97;39.42;39.87;39.89;39.95;40.26;40.07;40.65;40.42;40.82;40.5;40.87;41.09;40.68;41.03;40.56;40.67;41.2;41.16;41.26;41.44;41.52;41.5;41.61;41.64;42.02;41.8;41.9;41.87;41.94;41.97;42.29;42.16;41.98;42.13;41.86;42.47;42.15;42.78;41.81;42.11;42.46;41.72;41.75;41.97;41.64;42.74;41.94;41.13;41.22;41.63;41.67;41.42;42.38;40.41;41.57;41.57;40.7;40.28;40.36
7.18;7.17;7.14;6.63;6.63;5.79;5.59;5.15;4.88;4.53;4.45;4.21;3.99;4.07;3.79;3.63;3.54;3.59;3.52;3.48;3.19;3.03;3.08;2.93;2.89;3.02;2.79;2.7;2.57;2.52;2.44;2.53;2.49;2.51;2.48;2.49;2.49;2.55;2.56;2.56;2.56;2.58;2.59;2.59;2.59;2.62;2.65;2.64;2.61;2.61;2.62;2.62;2.64;2.63;2.63;2.63;2.63;2.62;2.61;2.62;2.62;2.63;2.62;2.62;2.63;2.63;2.62;2.62;2.63;2.64;2.64;2.63;2.62;2.64;2.63;2.63;2.62;2.62;2.62;2.61;2.62;2.61;2.64;2.65;2.64;2.66;2.68;2.69;2.72;2.75;2.8;2.83;2.89;2.94;3.01;3.09;3.19;3.32;3.46;3.63;3.83;4.07;4.34;4.61;4.88;5.17;5.47;5.75;6.02;6.26;6.44;6.63;6.8;6.92;7.02;7.12;7.21;7.29;7.37;7.45;7.52;7.59;7.63;7.64;7.64;7.6;7.53;7.44;7.34;7.2;7.05;6.86;6.68;6.49;6.28;6.1;5.93;5.76;5.61;5.49;5.36;5.26;5.16;5.07;4.99;4.93;4.88;4.83;4.8;4.76;4.74;4.71;4.67;4.65;4.6;4.56;4.5;4.44;4.38;4.31;4.24;4.17;4.11;4.06;4.01;3.97;3.95;3.91;3.89;3.88;3.86;3.86;3.84;3.82;3.81;3.77;3.71;3.67;3.61;3.54;3.48;3.42;3.36;3.33;3.29;3.27;3.24;3.21;3.19;3.16;3.13;3.1;3.08;3.06;3.04;3.02;3.03;3.02;3.05;3.05;3.08;3.09;3.11;3.16;3.2;3.26;3.34;3.45;3.61;3.81;4.09;4.47;4.98;5.61;6.34;7.23;8.25;9.37;10.51;11.66;12.81;13.99;15.26;16.58;17.9;19.2;20.32;21.73;23.44;25.38;26.9;28.52;30.17;31.69;33.26;34.91;36.59;38.06;39.4;40.68;41.88;43.02;44.08;45.09;46.02;46.83;47.57;48.24;48.82;49.39;49.87;50.24;50.59;50.73;50.44;50.79;51.19;51.61;52.03;52.41;52.53;52.57;52.62;52.65;52.71;52.77;52.81;52.89;52.97;52.99;53.04;53.03;53.03;53.07;53.1;53.14;53.16;53.25;53.19;53.27;53.29;53.28;53.31;53.39;53.43;53.34;53.4;53.36;53.17;53.18;53.09;53.08;53.23;53.25;53.23;53.22;53.33;53.37;53.37;53.31;53.39;53.39;53.39;53.47;53.43;53.48;53.53;53.56;53.59;53.64;53.56;53.56;53.54;53.61;53.53;53.59;53.53;53.66;53.79;53.82;53.81;53.81;53.82;53.68;53.83;53.8;53.91;53.92;53.9;53.85;53.96;53.84;53.86;53.88;53.85;53.88;53.91;53.76;53.73;53.86;53.69;53.61;53.49;53.35;53.16;53.07;53.01;53;53.27;53.25;52.95;52.92;52.93;52.77;52.75;52.58;52.39;52.56;52.7;52.84;52.66;52.51;52.63;52.46;52.16;51.2;51.15;49.59;48.93;48.59;48.04;48.86;49.05;48.76;47.73;48.14;47.07;47.83;48.12;47.21;47.26;47.43;46.97;47.77;47.79;46.72;48.03;47.68;47.06;47.64;48.17;49.02;48.95;48.76;48.71;48.11;48.64;48.75;48.65;48.64;48.81;49.02;49.47;49.36;49.12;49.92;49.4;48.76;49.63;49.54;49.24;49.52;49.5;49.49;49.66;49.5;49.48;49.73;49.44;49.25;49.4;49.69;49.35;49.73;49.3;49.2;49.85;48.05;49.09;49.07;48.59;49.26;49.42;48.59;48.15;48.68;47.33;47.89;49;47.11;47.12;46.99;47.18;46.75;47.52;46.36;46.48
5.32;3.9;4.51;4;3.95;4.03;3.29;3.44;3.11;2.72;2.65;2.55;2.26;2.34;2.4;2.05;2.25;2.17;1.9;1.9;1.88;1.73;1.68;1.62;1.6;1.64;1.53;1.53;1.39;1.37;1.31;1.34;1.34;1.3;1.36;1.34;1.32;1.32;1.36;1.38;1.35;1.36;1.37;1.39;1.39;1.36;1.4;1.39;1.38;1.38;1.38;1.37;1.38;1.37;1.37;1.38;1.38;1.37;1.36;1.38;1.39;1.38;1.39;1.38;1.38;1.38;1.37;1.37;1.38;1.39;1.38;1.39;1.38;1.38;1.39;1.38;1.37;1.37;1.37;1.38;1.39;1.38;1.38;1.39;1.4;1.39;1.42;1.42;1.44;1.45;1.47;1.49;1.51;1.55;1.58;1.61;1.66;1.71;1.78;1.86;1.95;2.04;2.15;2.28;2.41;2.54;2.66;2.79;2.92;3.02;3.13;3.2;3.28;3.34;3.39;3.42;3.46;3.5;3.53;3.57;3.59;3.62;3.64;3.65;3.64;3.63;3.6;3.56;3.5;3.44;3.38;3.3;3.21;3.12;3.02;2.95;2.87;2.79;2.72;2.67;2.61;2.57;2.54;2.5;2.47;2.43;2.4;2.38;2.36;2.34;2.33;2.32;2.3;2.3;2.28;2.26;2.24;2.21;2.19;2.16;2.14;2.11;2.1;2.06;2.04;2.02;2.01;1.99;2;1.98;1.98;1.98;1.98;1.96;1.96;1.94;1.92;1.89;1.87;1.84;1.82;1.8;1.77;1.74;1.73;1.73;1.72;1.71;1.7;1.68;1.67;1.66;1.65;1.64;1.62;1.62;1.62;1.63;1.64;1.64;1.66;1.68;1.7;1.72;1.74;1.78;1.82;1.91;1.98;2.04;2.17;2.33;2.55;2.8;3.13;3.51;3.97;4.48;5.03;5.64;6.23;6.87;7.59;8.34;9.11;9.93;10.74;11.64;12.7;13.95;15.08;16.26;17.48;18.7;20.02;21.35;22.74;24.1;25.34;26.62;27.84;29.04;30.17;31.23;32.25;33.21;34.07;34.9;35.64;36.31;36.94;37.46;37.91;38.36;38.57;38.69;39.06;39.3;39.61;39.9;40.11;40.32;40.45;40.58;40.7;40.83;40.92;41.01;41.1;41.17;41.19;41.23;41.28;41.33;41.37;41.42;41.48;41.45;41.5;41.53;41.58;41.57;41.59;41.66;41.68;41.7;41.73;41.67;41.74;41.72;41.72;41.64;41.76;41.63;41.69;41.73;41.69;41.79;41.82;41.8;41.81;41.89;41.87;41.96;41.85;41.98;42.04;42.12;42.09;42.17;42.18;42.24;42.3;42.27;42.34;42.4;42.42;42.38;42.45;42.46;42.51;42.51;42.49;42.52;42.55;42.57;42.57;42.58;42.61;42.64;42.58;42.65;42.68;42.62;42.66;42.6;42.61;42.59;42.53;42.56;42.55;42.53;42.43;42.38;42.27;42.32;42.27;42;42.07;42.11;41.95;42.06;41.92;41.76;41.9;41.74;41.67;41.47;41.32;41.65;41.54;41.4;41.44;41.31;41.06;40.93;40.77;40.23;39.69;38.65;38.86;38.7;38.51;37.79;37.22;37.85;36.37;37.15;37.09;37.5;36.52;36.59;36.22;36.09;36.63;35.84;35.55;36;36.12;36.55;36.3;36.18;36.7;36.88;36.88;36.64;36.92;36.83;36.64;37.05;36.83;37.26;37.02;37.09;37.32;37.42;37.58;37.48;37.83;37.48;37.71;37.93;37.86;37.85;37.81;38.05;37.71;38.28;37.83;37.73;37.79;38.68;38.02;38.72;37.88;38.3;37.95;37.77;38.24;38.22;38.17;38;37.79;37.45;37.65;37.83;37.28;37.91;37.81;38.26;37.5;37.09;37.08;36.55;36.96;37.18;36.2
6.34;5.07;5.39;5.08;4.95;4.82;4.68;4.03;3.73;3.58;3.19;3.03;3.05;2.76;2.87;2.64;2.69;2.48;2.56;2.47;2.29;2.26;2.1;2.02;2.06;2.12;1.96;1.89;1.78;1.74;1.7;1.67;1.68;1.67;1.67;1.75;1.68;1.71;1.76;1.75;1.79;1.78;1.8;1.81;1.79;1.79;1.83;1.86;1.82;1.8;1.81;1.82;1.81;1.82;1.83;1.85;1.84;1.86;1.86;1.85;1.85;1.85;1.87;1.86;1.85;1.87;1.86;1.85;1.86;1.86;1.87;1.86;1.86;1.87;1.88;1.87;1.88;1.87;1.88;1.87;1.88;1.89;1.89;1.9;1.9;1.92;1.93;1.95;1.99;2.01;2.05;2.09;2.14;2.2;2.26;2.34;2.42;2.52;2.63;2.76;2.92;3.09;3.28;3.46;3.66;3.86;4.08;4.27;4.45;4.62;4.77;4.9;5;5.1;5.2;5.27;5.32;5.37;5.43;5.48;5.53;5.58;5.61;5.62;5.62;5.59;5.54;5.46;5.38;5.3;5.2;5.08;4.95;4.82;4.69;4.56;4.44;4.34;4.24;4.14;4.07;3.99;3.92;3.86;3.8;3.76;3.72;3.68;3.65;3.62;3.59;3.57;3.56;3.53;3.5;3.47;3.43;3.39;3.34;3.29;3.25;3.2;3.15;3.11;3.09;3.05;3.03;3;2.99;2.98;2.97;2.97;2.96;2.94;2.92;2.89;2.85;2.81;2.76;2.71;2.65;2.6;2.56;2.52;2.49;2.47;2.45;2.43;2.41;2.38;2.35;2.32;2.29;2.27;2.25;2.23;2.23;2.23;2.23;2.23;2.23;2.25;2.26;2.3;2.34;2.39;2.47;2.58;2.72;2.88;3.12;3.41;3.78;4.22;4.73;5.35;6.04;6.83;7.61;8.42;9.22;10.09;11;11.95;12.91;13.87;14.81;15.9;17.19;18.54;19.79;21.13;22.47;23.8;25.16;26.58;28;29.37;30.65;31.89;33.12;34.26;35.36;36.41;37.39;38.32;39.14;39.91;40.56;41.22;41.75;42.23;42.68;43.13;43.72;43.66;43.91;44;44.2;44.45;44.67;44.91;45.02;45.2;45.34;45.41;45.51;45.61;45.69;45.77;45.82;45.85;45.89;45.92;45.99;46.02;46.03;46.08;46.06;46.13;46.15;46.17;46.24;46.2;46.28;46.25;46.29;46.31;46.37;46.36;46.37;46.33;46.31;46.23;46.34;46.4;46.2;46.26;46.35;46.34;46.32;46.38;46.34;46.41;46.34;46.42;46.42;46.57;46.56;46.63;46.67;46.74;46.73;46.82;46.84;46.8;46.83;46.84;46.9;46.93;46.99;47.02;47.04;47.11;47.13;47.07;47.08;47.15;47.07;47.1;47.04;47.08;47.1;47.08;47.06;46.99;47.06;47.1;47.01;47.01;46.9;46.96;46.93;46.82;46.73;46.8;46.46;46.55;46.27;46.25;46.48;46.23;46.23;46.13;46.1;45.99;45.87;45.82;45.97;45.79;45.7;45.81;45.4;45.73;45.47;45.11;45.01;44.3;44.06;43.4;43.03;43.09;41.86;41.62;41.55;41.15;41.4;40.73;40.89;40.46;40.29;40.5;40.34;40.18;39.43;39.71;40.07;39.38;40.08;39.38;40.43;39.63;40.48;40.36;40.35;40.06;40.19;40.51;40.65;40.31;40.54;40.41;40.95;40.78;40.92;41.22;41.02;41.12;41.29;41.29;41.06;41.38;40.98;41.7;41.78;41.48;41.48;41.79;41.57;41.9;41.59;41.89;42.23;42.03;41.81;42.16;41.72;42.31;41.48;41.61;41.81;41.85;41.67;41.24;41.18;41.78;42.44;40.58;41.88;40.13;40.16;41.95;40.64;40.48;39.52;41.01;41.44
6.75;6.56;6.58;6.27;5.3;5.29;5.28;4.72;4.22;4.1;3.79;3.7;3.45;3.32;3.49;3.11;3.16;3.12;3.02;3.01;2.68;2.74;2.49;2.49;2.54;2.57;2.44;2.3;2.22;2.11;2.1;2.05;2.05;2.07;2.09;2.06;2.09;2.05;2.11;2.15;2.14;2.13;2.14;2.16;2.16;2.19;2.18;2.21;2.19;2.18;2.18;2.17;2.19;2.19;2.18;2.18;2.19;2.19;2.19;2.2;2.19;2.2;2.2;2.2;2.18;2.18;2.17;2.17;2.18;2.18;2.19;2.18;2.2;2.19;2.2;2.2;2.2;2.2;2.2;2.18;2.19;2.19;2.2;2.2;2.2;2.21;2.23;2.25;2.27;2.29;2.34;2.39;2.43;2.47;2.54;2.61;2.7;2.79;2.91;3.05;3.22;3.41;3.61;3.82;4.04;4.26;4.5;4.74;4.94;5.13;5.3;5.45;5.56;5.67;5.76;5.85;5.92;5.99;6.06;6.12;6.18;6.22;6.26;6.27;6.26;6.21;6.15;6.05;5.95;5.85;5.71;5.57;5.4;5.24;5.1;4.93;4.79;4.66;4.55;4.44;4.35;4.25;4.18;4.11;4.05;4.01;3.96;3.92;3.87;3.85;3.81;3.79;3.76;3.73;3.69;3.66;3.62;3.56;3.52;3.47;3.42;3.37;3.33;3.29;3.25;3.21;3.18;3.17;3.15;3.15;3.12;3.13;3.11;3.1;3.08;3.04;2.99;2.95;2.9;2.84;2.8;2.74;2.7;2.67;2.63;2.6;2.58;2.57;2.57;2.54;2.52;2.49;2.48;2.46;2.46;2.43;2.43;2.43;2.44;2.45;2.46;2.48;2.52;2.54;2.59;2.65;2.72;2.84;2.97;3.14;3.36;3.7;4.1;4.62;5.23;5.97;6.82;7.78;8.8;9.84;10.87;11.94;13.11;14.33;15.56;16.78;17.92;19.33;21.03;22.79;24.22;25.91;27.59;29.2;30.88;32.63;34.42;35.99;37.46;38.93;40.3;41.65;42.89;44.09;45.16;46.19;47.11;47.94;48.7;49.37;49.92;50.45;50.84;50.99;51;51.64;52.02;52.58;52.88;53.12;53.24;53.37;53.45;53.53;53.65;53.72;53.79;53.84;53.9;53.95;54.04;54.07;54.09;54.09;54.18;54.18;54.25;54.18;54.29;54.29;54.32;54.34;54.27;54.38;54.4;54.44;54.42;54.3;54.3;54.11;54.14;54.26;54.41;54.41;54.26;54.36;54.39;54.45;54.39;54.42;54.4;54.41;54.45;54.4;54.51;54.46;54.5;54.52;54.59;54.61;54.66;54.65;54.62;54.7;54.7;54.63;54.82;54.75;54.86;54.85;54.9;54.88;54.9;54.9;54.9;54.96;54.99;54.93;54.92;54.93;54.9;54.86;54.88;54.95;54.78;54.88;54.84;54.79;54.87;54.78;54.74;54.59;54.36;54.39;54.19;54;54.03;54.05;54.37;54.25;53.84;53.59;53.71;53.92;53.46;53.67;53.5;53.24;53.65;53.54;53.43;53.19;53.09;52.92;52.55;51.85;51.48;50.23;50.11;49.45;48.55;49.66;50;48.83;48.49;47.09;47.53;47.76;47.46;47.57;47.26;47.1;46.88;47;47.45;46.63;47.58;47.1;47.09;47.23;47.52;47.78;47.91;48.17;47.77;48.01;48.05;47.39;47.87;47.96;48.15;48.73;48.27;48.37;48.41;48.56;48.47;48.7;48.4;48.91;48.81;48.99;49.14;48.71;48.75;49.05;48.66;48.61;49.27;48.85;48.81;48.53;48.41;49.13;49.02;48.84;49.17;48.97;49.42;48.56;49.02;48.62;49.03;49.18;48.85;47.94;47.95;48.81;48.63;48.72;47.12;47.15;48.41;47.74;46.65;47.28;44.97
4.98;4.93;4.79;4.62;4.09;4.03;3.5;3.36;3.12;3.06;2.96;2.74;2.57;2.6;2.42;2.28;2.31;2.22;2.22;2.28;1.97;1.97;1.93;1.78;1.96;1.75;1.81;1.76;1.6;1.52;1.6;1.5;1.47;1.53;1.49;1.47;1.5;1.52;1.55;1.57;1.58;1.61;1.62;1.61;1.63;1.64;1.62;1.68;1.69;1.66;1.65;1.67;1.66;1.66;1.7;1.67;1.69;1.71;1.72;1.71;1.73;1.74;1.73;1.73;1.72;1.73;1.72;1.73;1.72;1.73;1.74;1.74;1.75;1.75;1.75;1.77;1.77;1.77;1.77;1.77;1.76;1.77;1.79;1.78;1.77;1.8;1.79;1.83;1.85;1.87;1.92;1.96;1.99;2.05;2.09;2.17;2.24;2.32;2.41;2.52;2.65;2.79;2.91;3.07;3.23;3.38;3.55;3.73;3.85;4;4.13;4.25;4.32;4.43;4.5;4.58;4.62;4.68;4.74;4.8;4.85;4.89;4.93;4.94;4.94;4.92;4.9;4.84;4.76;4.69;4.61;4.53;4.44;4.34;4.25;4.14;4.04;3.98;3.9;3.83;3.76;3.7;3.66;3.62;3.59;3.57;3.54;3.46;3.42;3.43;3.4;3.37;3.36;3.34;3.32;3.29;3.25;3.23;3.21;3.16;3.12;3.08;3.04;3.02;2.97;2.94;2.93;2.92;2.91;2.9;2.89;2.89;2.87;2.86;2.84;2.82;2.79;2.76;2.72;2.68;2.62;2.58;2.54;2.5;2.45;2.41;2.39;2.38;2.37;2.31;2.27;2.24;2.22;2.19;2.18;2.16;2.16;2.16;2.15;2.14;2.16;2.16;2.17;2.19;2.23;2.28;2.34;2.46;2.57;2.69;2.89;3.14;3.47;3.85;4.28;4.81;5.4;6.03;6.69;7.39;8.15;8.92;9.7;10.51;11.36;12.21;13.15;14.21;15.22;16.15;17.12;18.33;19.49;20.63;21.75;22.92;24.07;25.16;26.23;27.3;28.32;29.32;30.21;31.06;31.87;32.65;33.32;33.93;34.51;35.03;35.45;35.86;36.19;36.49;37.51;37.57;37.53;37.27;37.24;37.28;37.51;37.73;37.99;38.17;38.31;38.42;38.5;38.57;38.65;38.68;38.75;38.78;38.83;38.91;38.93;38.99;38.98;39.02;39.04;39.03;39.11;39.16;39.14;39.18;39.21;39.2;39.25;39.26;39.32;39.39;39.46;39.42;39.34;39.17;39.08;39.23;39.03;38.99;39.1;39.14;39.2;39.15;39.23;39.2;39.12;39.18;39.22;39.27;39.29;39.34;39.37;39.43;39.46;39.51;39.5;39.57;39.56;39.46;39.48;39.46;39.52;39.51;39.62;39.72;39.75;39.74;39.76;39.66;39.76;39.71;39.67;39.7;39.73;39.72;39.78;39.67;39.65;39.68;39.68;39.61;39.61;39.58;39.62;39.62;39.54;39.57;39.47;39.35;39.13;38.83;38.87;39.07;38.82;39.02;39.01;38.79;38.59;38.54;38.41;38.2;38.36;38.23;38.28;38.1;38.05;37.93;38.36;37.89;37.25;37.13;36.42;35.9;35.41;35.34;34.12;34.39;34.54;34.11;34.26;33.92;33.64;34.05;33.36;33.16;33.38;33.26;33.66;32.71;33.02;33.29;33.08;33.27;33.32;33.43;33.4;33.11;33.23;33.58;33.48;33.46;33.39;33.88;33.67;33.83;33.59;33.87;33.98;33.81;34.23;33.7;34.24;34.21;34.3;34.54;34.52;33.95;34.86;34.6;34.63;34.72;34.77;34.93;34.54;35.12;34.48;34.87;35.23;34.67;34.95;35;35.32;34.43;34.85;34.72;34.94;34.83;34.3;34.79;34.8;34.34;34.84;34.36;34.46;33.43;35.22;33.39;33.88
5.02;4.82;4.57;4.13;3.62;3.83;3.31;3.43;2.96;2.88;2.62;2.66;2.4;2.18;2.09;1.96;2.03;1.91;2.01;1.77;1.78;1.62;1.69;1.59;1.54;1.57;1.46;1.39;1.28;1.26;1.2;1.19;1.24;1.2;1.23;1.23;1.23;1.24;1.29;1.28;1.28;1.29;1.3;1.33;1.3;1.3;1.36;1.37;1.35;1.36;1.34;1.35;1.37;1.38;1.38;1.38;1.38;1.37;1.39;1.38;1.39;1.4;1.43;1.4;1.41;1.42;1.41;1.42;1.42;1.43;1.43;1.43;1.42;1.44;1.43;1.44;1.44;1.43;1.43;1.43;1.44;1.44;1.46;1.46;1.46;1.48;1.51;1.52;1.54;1.57;1.6;1.64;1.66;1.72;1.75;1.82;1.87;1.96;2.02;2.13;2.23;2.38;2.52;2.67;2.8;2.96;3.11;3.25;3.4;3.51;3.61;3.7;3.79;3.85;3.9;3.94;4.01;4.05;4.09;4.12;4.17;4.2;4.23;4.25;4.25;4.23;4.2;4.17;4.12;4.05;3.98;3.9;3.81;3.71;3.62;3.51;3.42;3.35;3.27;3.2;3.14;3.08;3.03;2.99;2.95;2.91;2.9;2.87;2.85;2.83;2.82;2.81;2.79;2.77;2.77;2.74;2.72;2.69;2.65;2.63;2.58;2.55;2.51;2.5;2.45;2.43;2.41;2.41;2.39;2.38;2.37;2.37;2.36;2.34;2.33;2.31;2.29;2.25;2.21;2.17;2.14;2.1;2.06;2.05;2.02;1.99;1.97;1.95;1.95;1.93;1.9;1.87;1.86;1.84;1.82;1.81;1.8;1.8;1.79;1.8;1.8;1.82;1.83;1.85;1.89;1.94;1.99;2.08;2.19;2.33;2.51;2.73;3.02;3.36;3.75;4.21;4.74;5.32;5.92;6.54;7.17;7.81;8.54;9.27;10.05;10.84;11.55;12.47;13.61;14.79;15.77;16.89;18.05;19.21;20.39;21.65;22.99;24.19;25.31;26.52;27.6;28.69;29.68;30.66;31.56;32.41;33.24;33.95;34.6;35.22;35.76;36.22;36.64;36.87;37.13;37.57;37.84;38.1;38.24;38.39;38.54;38.71;38.85;39.01;39.12;39.23;39.32;39.46;39.53;39.57;39.62;39.66;39.73;39.78;39.83;39.87;39.91;39.94;39.93;40.04;40.05;40.09;40.09;40.17;40.18;40.16;40.17;40.18;40.21;40.22;40.19;40.23;40.23;40.29;40.3;40.25;40.34;40.32;40.25;40.32;40.34;40.27;40.39;40.39;40.36;40.45;40.43;40.43;40.49;40.6;40.57;40.69;40.66;40.72;40.75;40.76;40.81;40.83;40.86;40.87;40.88;40.9;40.88;40.93;40.92;40.96;41.04;41.02;41.05;41.12;41.08;41.02;41.15;41;41.11;40.99;40.95;41.01;41.08;40.97;41;40.99;40.93;40.8;40.76;40.79;40.56;40.75;40.7;40.57;40.4;40.56;40.24;40.3;40.26;40.2;40.18;40.11;39.97;40.11;40.08;39.78;39.94;39.72;39.5;39.43;39.06;38.47;38.66;38.11;37.43;37.74;37.62;36.65;36.14;35.56;34.78;35.92;35.66;35.67;35.21;34.75;35.1;35.3;35.04;34.58;34.87;35.23;34.84;34.75;34.83;34.75;35.39;34.69;35.13;35.26;35.24;35.1;35.3;35.29;35.81;35.52;35.51;35.97;35.42;35.74;35.81;36.23;35.85;36.18;36.34;36.32;36.15;36.45;36.25;36.51;36.74;36.72;36.41;37.21;36.69;36.49;36.95;36.89;36.69;36.84;35.97;37.14;36.84;37.24;37.01;36.31;36.87;36.01;36.87;36.04;37.33;35.7;36.17;35.97;36.51;36.11;36.85;35.8;35.03;35.13;37.41
7.13;6.25;6.17;6.23;5.6;5.37;4.87;4.42;4.64;4.17;4.05;3.72;3.46;3.37;3.39;3.17;2.98;3.02;2.88;2.82;2.74;2.52;2.49;2.41;2.47;2.37;2.33;2.24;2.09;2;1.94;1.98;1.94;1.97;1.98;1.98;2;2;2.06;2.06;2.1;2.11;2.09;2.13;2.13;2.16;2.15;2.16;2.17;2.17;2.15;2.16;2.18;2.2;2.17;2.19;2.21;2.19;2.21;2.23;2.21;2.23;2.23;2.24;2.24;2.24;2.24;2.23;2.25;2.23;2.25;2.25;2.25;2.25;2.25;2.26;2.25;2.25;2.25;2.24;2.25;2.26;2.27;2.29;2.29;2.3;2.34;2.36;2.39;2.43;2.48;2.52;2.59;2.65;2.73;2.81;2.92;3.05;3.18;3.35;3.56;3.77;4.03;4.27;4.51;4.77;5.03;5.29;5.53;5.72;5.89;6.05;6.18;6.3;6.4;6.48;6.57;6.65;6.72;6.79;6.86;6.91;6.95;6.96;6.95;6.91;6.85;6.79;6.69;6.57;6.43;6.29;6.1;5.94;5.77;5.6;5.45;5.31;5.16;5.05;4.95;4.85;4.77;4.69;4.61;4.55;4.5;4.46;4.43;4.39;4.36;4.34;4.31;4.28;4.25;4.2;4.16;4.11;4.04;3.98;3.92;3.85;3.8;3.75;3.7;3.66;3.64;3.6;3.59;3.58;3.57;3.55;3.55;3.53;3.5;3.45;3.42;3.35;3.29;3.22;3.15;3.08;3.03;2.98;2.94;2.92;2.89;2.87;2.85;2.8;2.78;2.73;2.71;2.67;2.65;2.63;2.63;2.62;2.63;2.64;2.65;2.67;2.69;2.73;2.79;2.85;2.93;3.07;3.23;3.44;3.73;4.13;4.6;5.2;5.89;6.69;7.6;8.61;9.65;10.69;11.72;12.79;13.95;15.11;16.32;17.48;18.53;19.74;21.34;23.12;24.54;26.04;27.57;29.07;30.59;32.19;33.8;35.27;36.6;37.91;39.18;40.36;41.49;42.56;43.58;44.46;45.32;46.07;46.73;47.37;47.91;48.38;48.78;49.05;49.23;49.35;49.79;50.2;50.48;50.78;50.96;51.1;51.19;51.27;51.37;51.45;51.54;51.63;51.68;51.72;51.8;51.84;51.83;51.86;51.99;51.97;52.09;52.07;52.06;52.14;52.13;52.14;52.22;52.23;52.27;52.28;52.28;52.23;52.24;52.19;52.2;52.03;52.13;52.19;52.15;52.23;52.19;52.18;52.2;52.17;52.16;52.24;52.23;52.18;52.25;52.25;52.29;52.28;52.35;52.32;52.45;52.41;52.46;52.44;52.44;52.44;52.46;52.49;52.51;52.55;52.66;52.62;52.7;52.77;52.6;52.72;52.75;52.69;52.7;52.78;52.68;52.71;52.76;52.68;52.72;52.64;52.69;52.67;52.54;52.5;52.54;52.42;52.29;52.35;52.15;52.01;52.07;51.98;52.12;51.98;51.98;51.74;51.52;51.33;51.45;51.3;51.5;51.26;51.32;51.33;51.21;51.04;51.03;50.86;50.68;50.16;49.74;48.72;48.03;47.54;47;47.12;47.61;47.3;47.15;45.68;45.91;44.98;46.01;45.49;45.15;45.91;44.94;45.36;44.84;44.6;44.35;44.76;44.98;44.37;45.32;45.35;45.69;45.85;45.49;45.09;45.11;45.65;45.06;45.46;45.39;45.78;45.64;46.19;46.19;46.52;46.08;46.29;46.31;46.36;46.4;46.46;46.35;46.29;46.9;46.96;46.4;46.51;46.97;46.41;46.47;46.83;46.22;46.38;46.41;46.78;46.55;47.74;46.78;46.36;46.86;45.73;46.6;46.1;46.53;46.79;46.14;45.99;46.29;46.03;45.63;46.09;45.45;44.49;45.19;45.51;44.93
5.54;5.8;5;4.84;4.6;4.54;4.09;4.05;3.68;3.52;3.41;3.06;2.76;3;2.79;2.58;2.57;2.53;2.58;2.51;2.37;2.23;2.04;2.03;2.15;2.13;2.08;1.97;1.86;1.77;1.78;1.75;1.77;1.74;1.74;1.76;1.8;1.78;1.82;1.83;1.87;1.87;1.86;1.86;1.87;1.88;1.91;1.9;1.92;1.91;1.92;1.92;1.92;1.94;1.95;1.94;1.95;1.93;1.95;1.95;1.96;1.96;1.98;1.98;1.98;1.99;1.99;1.99;1.99;2;2;2;2;2.02;1.99;2;2;2;2;2.02;2.04;2.04;2.02;2.04;2.05;2.07;2.09;2.11;2.14;2.17;2.2;2.23;2.27;2.31;2.38;2.43;2.5;2.6;2.71;2.84;2.98;3.12;3.29;3.48;3.67;3.88;4.07;4.25;4.42;4.59;4.72;4.85;4.96;5.05;5.13;5.19;5.25;5.32;5.37;5.42;5.48;5.52;5.56;5.58;5.59;5.57;5.52;5.47;5.41;5.33;5.24;5.14;5.02;4.89;4.76;4.64;4.53;4.44;4.34;4.25;4.18;4.11;4.06;4.02;4;3.94;3.89;3.86;3.82;3.81;3.79;3.77;3.77;3.75;3.73;3.7;3.68;3.65;3.6;3.57;3.52;3.48;3.45;3.4;3.36;3.34;3.33;3.31;3.3;3.29;3.29;3.28;3.26;3.26;3.24;3.21;3.19;3.16;3.11;3.07;3.05;3;2.98;2.93;2.9;2.88;2.88;2.88;2.84;2.81;2.77;2.74;2.72;2.72;2.7;2.7;2.7;2.7;2.72;2.74;2.76;2.8;2.83;2.86;2.91;2.96;3.05;3.17;3.27;3.39;3.56;3.82;4.14;4.52;5;5.57;6.22;6.93;7.68;8.49;9.29;10.12;11.03;11.95;12.92;13.91;14.92;15.97;17.15;18.44;19.66;20.89;22.15;23.46;24.74;26.01;27.31;28.55;29.74;30.86;31.95;33.01;34.03;34.96;35.85;36.67;37.41;38.08;38.68;39.22;39.69;40.13;40.48;40.8;41.22;41.25;41.65;41.86;41.99;41.98;42.16;42.26;42.38;42.54;42.69;42.76;42.85;42.96;42.98;42.99;43.06;43.09;43.11;43.11;43.17;43.22;43.22;43.23;43.26;43.29;43.3;43.29;43.35;43.36;43.35;43.37;43.35;43.31;43.38;43.41;43.43;43.39;43.4;43.39;43.38;43.41;43.25;43.3;43.36;43.32;43.29;43.35;43.36;43.4;43.36;43.38;43.41;43.53;43.47;43.52;43.63;43.64;43.66;43.65;43.66;43.69;43.71;43.73;43.7;43.77;43.8;43.78;43.76;43.83;43.78;43.73;43.84;43.83;43.92;43.89;43.79;43.86;43.83;43.76;43.81;43.77;43.75;43.73;43.73;43.62;43.65;43.7;43.43;43.59;43.43;43.46;43.4;43.2;43.21;43.16;43.05;42.9;42.85;42.86;42.98;42.82;42.74;42.71;42.6;42.46;42.5;42.57;42.62;42.1;42.21;41.94;41.65;41.54;40.72;40.42;40.32;39.24;39.65;39.75;39.06;38.24;38.18;38.36;38.25;38.4;38.19;37.5;37.84;37.35;37.53;37.43;37.2;37.21;37.05;37.91;37.5;37.59;37.83;37.83;37.87;38.2;37.98;37.89;37.89;38.19;37.96;38.28;38.29;38.24;38.63;38.65;38.72;38.52;38.6;39.19;38.59;39.02;38.83;39.29;39.21;39.09;39.08;38.99;39.36;39.37;38.66;39.51;39.33;39.02;39.22;39.37;39.02;39.14;39.16;39.63;39.35;39.09;38.46;38.91;39.36;38.55;38.93;38.03;38.81;38.33;38.3;39.19;37.85;38.8;37.89;37.99;38.01
5.45;4.87;4.79;4.47;4.23;3.97;3.57;3.45;2.99;2.93;2.85;2.49;2.6;2.35;2.39;2.24;2.07;2.11;2.07;2.09;1.72;1.79;1.68;1.67;1.58;1.65;1.51;1.5;1.31;1.32;1.21;1.26;1.24;1.26;1.22;1.23;1.24;1.26;1.25;1.31;1.28;1.27;1.28;1.27;1.29;1.29;1.29;1.31;1.3;1.31;1.29;1.29;1.29;1.31;1.33;1.29;1.31;1.3;1.3;1.31;1.32;1.3;1.32;1.31;1.3;1.31;1.32;1.31;1.31;1.32;1.31;1.32;1.33;1.34;1.32;1.34;1.33;1.33;1.33;1.33;1.35;1.34;1.35;1.34;1.35;1.36;1.37;1.38;1.4;1.42;1.44;1.48;1.51;1.54;1.57;1.62;1.68;1.74;1.82;1.9;2.01;2.11;2.23;2.35;2.48;2.63;2.78;2.93;3.03;3.17;3.28;3.38;3.46;3.54;3.59;3.64;3.7;3.74;3.77;3.8;3.84;3.86;3.88;3.89;3.87;3.85;3.82;3.76;3.7;3.64;3.56;3.47;3.36;3.28;3.19;3.09;3;2.93;2.85;2.78;2.73;2.67;2.63;2.59;2.57;2.53;2.49;2.46;2.44;2.42;2.4;2.38;2.37;2.34;2.33;2.3;2.27;2.25;2.23;2.2;2.16;2.14;2.12;2.09;2.06;2.04;2.03;2.02;2.02;2;2;2;1.98;1.98;1.96;1.94;1.92;1.9;1.87;1.83;1.8;1.77;1.75;1.72;1.7;1.69;1.68;1.68;1.66;1.64;1.63;1.61;1.6;1.59;1.58;1.59;1.58;1.59;1.59;1.59;1.61;1.63;1.65;1.68;1.72;1.75;1.81;1.9;1.98;2.08;2.2;2.38;2.62;2.89;3.24;3.68;4.18;4.76;5.36;6.02;6.69;7.43;8.2;9.02;9.87;10.77;11.73;12.8;13.98;15.2;16.46;17.79;19.16;20.56;22.01;23.49;24.99;26.45;27.92;29.36;30.77;32.14;33.44;34.69;35.86;36.99;38.02;38.99;39.87;40.64;41.35;41.96;42.56;43.23;44.59;44.48;44.67;44.51;44.44;44.51;44.81;45.13;45.41;45.69;45.88;46.01;46.16;46.26;46.37;46.43;46.5;46.57;46.68;46.74;46.78;46.83;46.87;46.94;46.91;46.97;47.02;47.08;47.08;47.06;47.08;47.12;47.13;47.06;47.28;47.49;47.49;47.46;47.33;47.04;47.15;47.21;46.96;47.06;47.25;47.14;47.13;47.16;47.25;47.25;47.24;47.35;47.31;47.3;47.48;47.51;47.55;47.69;47.68;47.77;47.67;47.95;47.86;47.76;47.75;47.77;47.81;47.84;47.9;48.1;48.06;48.05;48.08;48.09;48.11;48.11;48.12;48.14;48.12;48.09;48.12;48.04;48.14;48.14;48.14;48.11;48.16;48.13;48.22;48.38;48.39;48.48;48.17;47.91;47.54;47.52;47.65;47.77;47.53;47.47;47.55;47.5;47.49;47.37;46.83;46.83;46.85;46.99;46.88;46.86;46.96;47.09;47.33;47.09;46.56;45.81;45.97;44.68;43.51;43.34;42.4;42.89;41.88;42.29;41.42;41.57;41.44;41.54;41.2;41.42;40.99;40.17;40.79;40.7;40.21;40.6;40.16;40.57;40.73;40.93;40.78;41.31;41.14;41.08;41.41;41.33;41.23;41.49;41.17;41.45;41.68;41.88;41.53;41.99;42.14;42.1;41.77;42.63;42.16;42.57;42.53;42.71;42.71;42.84;42.63;42.55;42.66;42.43;42.94;42.88;42.87;42.44;43.26;42.53;43.09;42.57;42.59;42.84;42.88;42.77;42.96;42.07;42.65;42.94;43.41;41.33;41.93;42.78;43.24;41.42;41.2;42.15;42.23
6.54;6.36;5.52;5.98;5.49;5.03;5;4.11;4;3.91;3.55;3.41;3.34;3.16;2.95;2.91;2.77;2.76;2.84;2.62;2.51;2.42;2.34;2.13;2.31;2.26;2.12;2.1;1.91;1.87;1.87;1.8;1.84;1.84;1.78;1.84;1.81;1.85;1.85;1.83;1.91;1.88;1.9;1.89;1.88;1.91;1.89;1.93;1.93;1.89;1.9;1.9;1.91;1.93;1.92;1.93;1.92;1.94;1.93;1.93;1.94;1.94;1.94;1.95;1.93;1.93;1.92;1.93;1.93;1.94;1.94;1.95;1.95;1.96;1.95;1.96;1.96;1.95;1.94;1.95;1.94;1.96;1.96;1.96;1.97;1.98;2;2.02;2.04;2.06;2.11;2.14;2.18;2.23;2.27;2.33;2.41;2.5;2.59;2.71;2.84;3.02;3.19;3.36;3.54;3.74;3.94;4.15;4.31;4.46;4.62;4.74;4.85;4.95;5.03;5.1;5.17;5.22;5.28;5.34;5.39;5.42;5.45;5.45;5.43;5.4;5.35;5.29;5.21;5.11;5;4.88;4.76;4.63;4.48;4.36;4.24;4.14;4.04;3.94;3.86;3.79;3.72;3.68;3.62;3.58;3.55;3.51;3.46;3.45;3.42;3.39;3.38;3.35;3.32;3.3;3.26;3.22;3.18;3.14;3.1;3.06;3.02;2.99;2.96;2.92;2.9;2.89;2.89;2.86;2.87;2.85;2.84;2.83;2.81;2.78;2.75;2.71;2.67;2.62;2.58;2.54;2.5;2.47;2.45;2.42;2.41;2.39;2.39;2.36;2.32;2.32;2.31;2.28;2.27;2.26;2.26;2.26;2.27;2.28;2.3;2.31;2.34;2.36;2.41;2.45;2.53;2.65;2.75;2.89;3.06;3.33;3.68;4.07;4.57;5.2;5.9;6.71;7.57;8.45;9.34;10.31;11.31;12.39;13.5;14.59;15.64;17.02;18.69;20.33;21.68;23.36;24.98;26.61;28.26;30.07;31.9;33.5;35.01;36.63;38.09;39.54;40.93;42.2;43.4;44.54;45.54;46.5;47.4;48.19;48.89;49.47;49.92;49.86;50.33;51.05;51.58;52.09;52.37;52.6;52.66;52.79;52.92;53.05;53.18;53.28;53.41;53.47;53.52;53.61;53.69;53.71;53.74;53.8;53.86;53.94;53.93;53.96;54.03;54.04;54.09;54.19;54.21;54.28;54.29;54.3;54.3;54.27;54.11;54.13;54.21;54.27;54.36;54.44;54.09;54.37;54.46;54.29;54.27;54.31;54.34;54.33;54.31;54.43;54.42;54.44;54.4;54.49;54.42;54.57;54.55;54.52;54.45;54.5;54.57;54.46;54.67;54.67;54.67;54.8;54.76;54.77;54.74;54.77;54.85;54.82;54.89;54.86;54.91;54.96;54.96;54.95;54.92;54.81;54.82;54.87;54.8;54.74;54.86;54.76;54.59;54.62;54.45;54.3;54.21;54.15;54.28;54.59;54.4;54.22;53.81;53.73;53.72;53.98;53.5;53.65;53.61;53.23;53.67;53.76;53.32;53.36;53.11;53.1;52.58;51.98;51.17;50.92;50.23;50;49.1;50.68;49.82;49.54;48.43;47.55;48.16;47.9;47.9;47.79;47.39;47.49;46.47;47.69;47.63;46.29;46.26;46.19;47.37;46.71;46.83;47.69;47.27;47.22;47.29;47.07;47.15;47.54;47.19;47.27;47.45;48.15;47.46;48;47.96;47.6;48.1;48.21;48.13;48.33;48.05;48.46;48.2;48.33;48.08;48.3;48.33;48.59;48.83;48.62;48.73;48.94;48.46;49.12;48.35;48.62;47.98;48.51;48.51;49.23;49.1;48.88;47.9;48.78;48.14;48.14;49.19;48.81;48.03;48.21;48.4;47.39;48.67;47.62;46.89;46.07;46.24
